<?xml version="1.0" encoding="UTF-8"?>
<!--
  ##########################################################################
  # This file contains settings for an EAC application.
  #
-->
<spr:beans xmlns:spr="http://www.springframework.org/schema/beans"
  xmlns:xsi="http://www.w3.org/2001/XMLSchema-instance"
  xmlns:tx="http://www.springframework.org/schema/tx"
  xmlns:aop="http://www.springframework.org/schema/aop"
  xmlns="http://www.endeca.com/schema/eacToolkit"
  xsi:schemaLocation="
      http://www.springframework.org/schema/tx http://www.springframework.org/schema/tx/spring-tx-2.0.xsd
      http://www.springframework.org/schema/beans http://www.springframework.org/schema/beans/spring-beans-2.0.xsd
      http://www.springframework.org/schema/aop http://www.springframework.org/schema/aop/spring-aop-2.0.xsd
      http://www.endeca.com/schema/eacToolkit http://www.endeca.com/schema/eacToolkit/eacToolkit.xsd">

  <!--
    ########################################################################
    # Global variables
    #
  -->
  <app appName="@@PROJECT_NAME@@" eacHost="@@HOST@@" eacPort="@@EAC_PORT@@" 
      dataPrefix="@@PROJECT_NAME@@" sslEnabled="false" lockManager="LockManager">
    <working-dir>${ENDECA_PROJECT_DIR}</working-dir>
    <log-dir>./logs</log-dir>
  </app>


  <!--
    ########################################################################
    # Servers/hosts
    #
  -->
  <host id="ITLHost" hostName="@@HOST@@" port="@@EAC_PORT@@" />
  <host id="MDEXHost" hostName="@@HOST@@" port="@@EAC_PORT@@" />


  <!--
    ########################################################################
    # Lock manager, used to set/remove/test flags and obtain/release locks
    #
  -->
  <lock-manager id="LockManager" releaseLocksOnFailure="true" />


  <!--
    ########################################################################
    # Baseline update script
    #
  -->
  <script id="BaselineUpdate">
    <log-dir>./logs/provisioned_scripts</log-dir>
    <provisioned-script-command>./control/baseline_update.@@SCRIPT_SUFFIX@@</provisioned-script-command>
    <bean-shell-script>
      <![CDATA[ 
    log.info("Starting baseline update script.");
    // obtain lock
    if (LockManager.acquireLock("update_lock")) {
      // test if data is ready for processing
      if (Forge1.isDataReady())
      {
        // get Web Studio config, merge with Dev Studio config
        ConfigManager.downloadWsConfig();
        ConfigManager.fetchMergedConfig();

        // clean directories
        Forge1.cleanDirs();
        IndexingCluster.cleanDirs();

        // fetch extracted data files to forge input
        Forge1.getIncomingData();
        LockManager.removeFlag("baseline_data_ready");

        // fetch config files to forge input
        Forge1.getConfig();

        // archive logs and run ITL
        Forge1.archiveLogDir();
        Forge1.run();

        IndexingCluster.getDgidxIncomingData();
        IndexingCluster.getDgidxConfig();
        IndexingCluster.archiveLogDir();
        IndexingCluster.run();

        // distributed index, update graphs
        DistributeIndexAndApply.run();

        // update Web Studio with latest dimensions      
        ConfigManager.cleanDirs();
        Forge1.getPostForgeDimensions();
        ConfigManager.updateWsDimensions();

        // archive state files, index
        Forge1.archiveState();
        IndexingCluster.archiveIndex();

        // cycle LogServer
        LogServer.cycle();  
      }
      else
      {
        log.warning("Baseline data not ready for processing.");
      }
      // release lock
      LockManager.releaseLock("update_lock");
      log.info("Baseline update script finished.");
    }
    else {
      log.warning("Failed to obtain lock.");
    }
      ]]>
    </bean-shell-script>
  </script>


  <!--
    ########################################################################
    # Script to distribute index to dgraph servers, then update dgraphs
    # with the distributed index. This script can be called to update or
    # refresh the index of the dgraph cluster in case a server fails, a
    # new dgraph is added, or the index simply needs to be updated.
    #
  -->
  <script id="DistributeIndexAndApply">
    <bean-shell-script>
      <![CDATA[ 
    AgraphCluster.cleanDirs();
    AgraphCluster.copyIndexToAgraphServers();
    AgraphCluster.copyIndexToDgraphServers();
    AgraphCluster.applyIndex();
      ]]>
    </bean-shell-script>
  </script>


  <!--
    ########################################################################
    # Dgraph config update script. Retrieves configuration from Web Studio,
    # distributes it to all dgraph servers and applies it to the dgraphs,
    # flushing the dynamic cache of each graph to ensure new config is
    # active.
    #
  -->
  <script id="ConfigUpdate">
    <log-dir>./logs/provisioned_scripts</log-dir>
    <provisioned-script-command>./control/runcommand.@@SCRIPT_SUFFIX@@ ConfigUpdate run</provisioned-script-command>
    <bean-shell-script>
      <![CDATA[ 
    log.info("Starting dgraph config update script.");
    ConfigManager.downloadWsDgraphConfig();
    AgraphCluster.cleanLocalDgraphConfigDirs();
    AgraphCluster.copyDgraphConfigToDgraphServers();
    AgraphCluster.applyConfigUpdate();
    log.info("Finished updating dgraph config.");
      ]]>
    </bean-shell-script>
  </script>


  <!--
    ########################################################################
    # Config Manager. Manages Dev Studio and Web Studio config sources.
    #
  -->
  <custom-component id="ConfigManager" host-id="ITLHost" class="com.endeca.soleng.eac.toolkit.component.ConfigManagerComponent">
    <properties>
      <property name="webStudioHost" value="@@HOST@@" />
      <property name="webStudioPort" value="@@EAC_PORT@@" />
      <property name="webStudioMaintainedFile1" value="thesaurus.xml" />
      <property name="webStudioMaintainedFile2" value="merch_rule_group_default.xml" />
      <property name="webStudioMaintainedFile3" value="merch_rule_group_default_redirects.xml" />
    </properties>
    <directories>
      <directory name="devStudioConfigDir">./config/pipeline</directory>
      <directory name="webStudioConfigDir">./data/web_studio/config</directory>
      <directory name="webStudioDgraphConfigDir">./data/web_studio/dgraph_config</directory>
      <directory name="mergedConfigDir">./data/complete_index_config</directory>
      <directory name="webStudioTempDir">./data/web_studio/temp</directory>
    </directories>
  </custom-component>


  <!--
    ########################################################################
    # Forge Cluster
    #
  -->
  <forge id="Forge1" host-id="ITLHost">
    <properties>
      <property name="numStateBackups" value="0" />
      <property name="numLogBackups" value="10" />
    </properties>
    <directories>
      <directory name="incomingDataDir">./data/incoming</directory>
      <directory name="configDir">./data/complete_index_config</directory>
      <directory name="wsTempDir">./data/web_studio/temp</directory>
    </directories>
    <args>
      <arg>-vw</arg>
    </args>
    <log-dir>./logs/forges/Forge1</log-dir>
    <input-dir>./data/processing</input-dir>
    <output-dir>./data/forge_output</output-dir>
    <state-dir>./data/state</state-dir>
    <temp-dir>./data/temp</temp-dir>
    <num-partitions>2</num-partitions>
    <pipeline-file>./data/processing/pipeline.epx</pipeline-file>
  </forge>


  <!--
    ########################################################################
    # Indexing Cluster
    #
  -->
  <indexing-cluster id="IndexingCluster" getDataInParallel="true">
    <agidx ref="Agidx1" />
    <dgidx ref="Dgidx1" />
    <dgidx ref="Dgidx2" />
  </indexing-cluster>


  <!--
    ########################################################################
    # Agidx
    #
  -->
  <agidx id="Agidx1" host-id="ITLHost">
    <properties>
      <property name="agidxGroup" value="A" />
      <property name="numLogBackups" value="10" />
      <property name="numIndexBackups" value="3" />
    </properties>
    <args>
      <arg>-v</arg>
    </args>
    <input-prefix-list>
      <input-prefix>./data/dgidxs/Dgidx1/dgidx_output/@@PROJECT_NAME@@-part0</input-prefix>
      <input-prefix>./data/dgidxs/Dgidx2/dgidx_output/@@PROJECT_NAME@@-part1</input-prefix>
    </input-prefix-list>
    <log-dir>./logs/agidxs/Agidx1</log-dir>
    <output-dir>./data/agidx_output</output-dir>
  </agidx>


  <!--
    ########################################################################
    # Dgidx
    #
  -->
  <dgidx id="Dgidx1" host-id="ITLHost">
    <properties>
      <property name="dgidxGroup" value="A" />
      <property name="incomingDataHost">ITLHost</property>
      <property name="incomingDataFileName">@@PROJECT_NAME@@-part0*</property>
      <property name="configHost">ITLHost</property>
      <property name="configFileName">@@PROJECT_NAME@@.*</property>
      <property name="numLogBackups" value="10" />
      <property name="numIndexBackups" value="3" />
    </properties>
    <directories>
      <directory name="incomingDataDir">./data/forge_output</directory>
      <directory name="configDir">./data/forge_output</directory>
    </directories>
    <args>
      <arg>-v</arg>
    </args>
    <log-dir>./logs/dgidxs/Dgidx1</log-dir>
    <input-dir>./data/dgidxs/Dgidx1/dgidx_input</input-dir>
    <output-dir>./data/dgidxs/Dgidx1/dgidx_output</output-dir>
    <data-prefix>@@PROJECT_NAME@@-part0</data-prefix>
    <temp-dir>./data/dgidxs/Dgidx1/temp</temp-dir>
    <run-aspell>true</run-aspell>
  </dgidx>

  <dgidx id="Dgidx2" host-id="ITLHost">
    <properties>
      <property name="dgidxGroup" value="A" />
      <property name="incomingDataHost">ITLHost</property>
      <property name="incomingDataFileName">@@PROJECT_NAME@@-part1*</property>
      <property name="configHost">ITLHost</property>
      <property name="configFileName">@@PROJECT_NAME@@.*</property>
      <property name="numLogBackups" value="10" />
      <property name="numIndexBackups" value="3" />
    </properties>
    <directories>
      <directory name="incomingDataDir">./data/forge_output</directory>
      <directory name="configDir">./data/forge_output</directory>
    </directories>
    <args>
      <arg>-v</arg>
    </args>
    <log-dir>./logs/dgidxs/Dgidx2</log-dir>
    <input-dir>./data/dgidxs/Dgidx2/dgidx_input</input-dir>
    <output-dir>./data/dgidxs/Dgidx2/dgidx_output</output-dir>
    <data-prefix>@@PROJECT_NAME@@-part1</data-prefix>
    <temp-dir>./data/dgidxs/Dgidx2/temp</temp-dir>
    <run-aspell>true</run-aspell>
  </dgidx>


  <!--
    ########################################################################
    # Agraph Cluster
    #
  -->
  <agraph-cluster id="AgraphCluster" getDataInParallel="true">
    <agraph ref="Agraph1" />
    <agraph ref="Agraph2" />
    <dgraph ref="Dgraph1" />
    <dgraph ref="Dgraph2" />
  </agraph-cluster>


  <!--
    ########################################################################
    # Global Agraph settings, inherited by all agraphs
    #
  -->
  <agraph-defaults>
    <properties>
      <property name="srcIndexDir" value="./data/agidx_output" />
      <property name="srcIndexHostId" value="ITLHost" />
      <property name="numLogBackups" value="10" />
      <property name="shutdownTimeout" value="30" />
      <property name="numIdleSecondsAfterStop" value="0" />
    </properties>
    <directories>
      <directory name="localIndexDir">./data/agraphs/local_agraph_input</directory>
    </directories>
    <args>
      <arg>--no-partial</arg>
    </args>
    <startup-timeout>120</startup-timeout>
  </agraph-defaults>


  <!--
    ########################################################################
    # Agraphs
    #
  -->
  <agraph id="Agraph1" host-id="MDEXHost" port="@@AGRAPH_1_PORT@@">
    <properties>
      <property name="restartGroup" value="A" />
    </properties>
    <dgraph-children>
      <dgraph-child>Dgraph1</dgraph-child>
      <dgraph-child>Dgraph2</dgraph-child>
    </dgraph-children>
    <log-dir>./logs/agraphs/Agraph1</log-dir>
    <input-dir>./data/agraphs/Agraph1/agraph_input</input-dir>
  </agraph>

  <agraph id="Agraph2" host-id="MDEXHost" port="@@AGRAPH_2_PORT@@">
    <properties>
      <property name="restartGroup" value="A" />
    </properties>
    <dgraph-children>
      <dgraph-child>Dgraph1</dgraph-child>
      <dgraph-child>Dgraph2</dgraph-child>
    </dgraph-children>
    <log-dir>./logs/agraphs/Agraph2</log-dir>
    <input-dir>./data/agraphs/Agraph2/agraph_input</input-dir>
  </agraph>


  <!--
    ########################################################################
    # Global Dgraph settings, inherited by all dgraphs
    #
  -->
  <dgraph-defaults>
    <properties>
      <property name="srcIndexDir" value="./data/dgidx_output" />
      <property name="srcIndexHostId" value="ITLHost" />
      <property name="srcPartialsDir" value="./data/partials/forge_output" />
      <property name="srcPartialsHostId" value="ITLHost" />
      <property name="srcCumulativePartialsDir" value="./data/partials/cumulative_partials" />
      <property name="srcCumulativePartialsHostId" value="ITLHost" />
      <property name="srcDgraphConfigDir" value="./data/web_studio/dgraph_config" />
      <property name="srcDgraphConfigHostId" value="ITLHost" />
      <property name="numLogBackups" value="10" />
      <property name="shutdownTimeout" value="30" />
      <property name="numIdleSecondsAfterStop" value="0" />
    </properties>
    <directories>
      <directory name="localIndexDir">./data/dgraphs/local_dgraph_input</directory>
      <directory name="localCumulativePartialsDir">./data/dgraphs/local_cumulative_partials</directory>
      <directory name="localDgraphConfigDir">./data/dgraphs/local_dgraph_config</directory>
    </directories>
    <args>
      <arg>--threads</arg>
      <arg>2</arg>
      <arg>--spl</arg>
      <arg>--dym</arg>
    </args>
    <startup-timeout>120</startup-timeout>
  </dgraph-defaults>


  <!--
    ########################################################################
    # Dgraphs
    #
  -->
  <dgraph id="Dgraph1" host-id="MDEXHost" port="@@DGRAPH_1_PORT@@">
    <properties>
      <property name="srcIndexDir" value="./data/dgidxs/Dgidx1/dgidx_output" />
      <property name="srcIndexHostId" value="ITLHost" />
      <property name="restartGroup" value="A" />
    </properties>
    <directories>
      <directory name="localIndexDir">./data/dgidxs/Dgidx1/dgidx_output_local</directory>
    </directories>
    <log-dir>./logs/dgraphs/Dgraph1</log-dir>
    <input-dir>./data/dgraphs/Dgraph1/dgraph_input</input-dir>
    <data-prefix>@@PROJECT_NAME@@-part0</data-prefix>
    <update-dir>./data/dgraphs/Dgraph1/dgraph_input/updates</update-dir>
  </dgraph>

  <dgraph id="Dgraph2" host-id="MDEXHost" port="@@DGRAPH_2_PORT@@">
    <properties>
      <property name="srcIndexDir" value="./data/dgidxs/Dgidx2/dgidx_output" />
      <property name="srcIndexHostId" value="ITLHost" />
      <property name="restartGroup" value="A" />
    </properties>
    <directories>
      <directory name="localIndexDir">./data/dgidxs/Dgidx2/dgidx_output_local</directory>
    </directories>
    <log-dir>./logs/dgraphs/Dgraph2</log-dir>
    <input-dir>./data/dgraphs/Dgraph2/dgraph_input</input-dir>
    <data-prefix>@@PROJECT_NAME@@-part1</data-prefix>
    <update-dir>./data/dgraphs/Dgraph2/dgraph_input/updates</update-dir>
  </dgraph>


  <!--
    ########################################################################
    # LogServer
    #
  -->
  <logserver id="LogServer" host-id="ITLHost" port="@@LOGSERVER_PORT@@">
    <properties>
      <property name="numLogBackups" value="10" />
      <property name="targetReportGenDir" value="./reports/input" />
      <property name="targetReportGenHostId" value="ITLHost" />
    </properties>
    <log-dir>./logs/logservers/LogServer</log-dir>
    <output-dir>./logs/logserver_output</output-dir>
    <startup-timeout>120</startup-timeout>
    <gzip>false</gzip>
  </logserver>
  
  <!--
    ########################################################################
    # Daily Web Studio report generation script.
    #
  -->
  <script id="DailyReports">
    <log-dir>./logs/provisioned_scripts</log-dir>
    <provisioned-script-command>./control/runcommand.@@SCRIPT_SUFFIX@@ DailyReports run</provisioned-script-command>
    <bean-shell-script>
      <![CDATA[ 
    log.info("Starting daily Web Studio report generation script.");
    
    if (LockManager.acquireLock("report_generator_lock")) {
      // clean report gen input dir
      DailyReportGenerator.cleanInputDir();
      
      // roll the logserver, if the report requires the active log file
      if (LogServer.isActive() && LogServer.yesterdayIncludesLatestLogFile()) {
        LogServer.callLogserverRollUrl();
      }
      
      // retrieve required log files for processing
      LogServer.copyYesterdayLogFilesToTargetDir();
      
      // update report generator to the appropriate dates, time series and to
      // output a timestamped file, as required by Web Studio
      DailyReportGenerator.updateProvisioningForYesterdayReport();
      
      if (DailyReportGenerator.reportInputDirContainsFiles()) {
        // archive logs
        DailyReportGenerator.archiveLogDir();
        
        // generate report
        DailyReportGenerator.run();
      
        // copy generated report and charts to web studio directory
        DailyReportGenerator.copyReportToWebStudio();
      }
      else {
        log.warning("No log files for report generator to process.");
      }
      
      LockManager.releaseLock("report_generator_lock");
      log.info("Finished daily Web Studio report generation.");
    }
    else {
      log.warning("Failed to obtain lock.");
    }
      ]]>
    </bean-shell-script>
  </script>
  
  <!--
    ########################################################################
    # Weekly Web Studio report generation script.
    #
  -->
  <script id="WeeklyReports">
    <log-dir>./logs/provisioned_scripts</log-dir>
    <provisioned-script-command>./control/runcommand.@@SCRIPT_SUFFIX@@ WeeklyReports run</provisioned-script-command>
    <bean-shell-script>
      <![CDATA[ 
    log.info("Starting weekly Web Studio report generation script.");
    
    if (LockManager.acquireLock("report_generator_lock")) {
      // clean report gen input dir
      WeeklyReportGenerator.cleanInputDir();
      
      // roll the logserver, if the report requires the active log file
      if (LogServer.isActive() && LogServer.weekEndingYesterdayIncludesLatestLogFile()) {
        LogServer.callLogserverRollUrl();
      }
      
      // retrieve required log files for processing
      LogServer.copyWeekEndingYesterdayLogFilesToTargetDir();
      
      // update report generator to the appropriate dates, time series and to
      // output a timestamped file, as required by Web Studio
      WeeklyReportGenerator.updateProvisioningForWeekEndingYesterdayReport();
      
      if (WeeklyReportGenerator.reportInputDirContainsFiles()) {
        // archive logs
        WeeklyReportGenerator.archiveLogDir();
      
        // generate report
        WeeklyReportGenerator.run();
      
        // copy generated report and charts to web studio directory
        WeeklyReportGenerator.copyReportToWebStudio();
      }
      else {
        log.warning("No log files for report generator to process.");
      }
      
      LockManager.releaseLock("report_generator_lock");
      log.info("Finished weekly Web Studio report generation.");
    }
    else {
      log.warning("Failed to obtain lock.");
    }
      ]]>
    </bean-shell-script>
  </script>
  
  <!--
    ########################################################################
    # Daily HTML report generation script.
    #
  -->
  <script id="DailyHtmlReports">
    <log-dir>./logs/provisioned_scripts</log-dir>
    <provisioned-script-command>./control/runcommand.@@SCRIPT_SUFFIX@@ DailyHtmlReports run</provisioned-script-command>
    <bean-shell-script>
      <![CDATA[ 
    log.info("Starting daily HTML report generation script.");
    
    if (LockManager.acquireLock("report_generator_lock")) {
      // clean report gen input dir
      DailyHtmlReportGenerator.cleanInputDir();
      
      // roll the logserver, if the report requires the active log file
      if (LogServer.isActive() && LogServer.yesterdayIncludesLatestLogFile()) {
        LogServer.callLogserverRollUrl();
      }
      
      // retrieve required log files for processing
      LogServer.copyYesterdayLogFilesToTargetDir();
      
      // update report generator to the appropriate dates, time series and to
      // output a timestamped file
      DailyHtmlReportGenerator.updateProvisioningForYesterdayReport();
      
      if (DailyHtmlReportGenerator.reportInputDirContainsFiles()) {
        // archive logs
        DailyHtmlReportGenerator.archiveLogDir();
        
        // generate report
        DailyHtmlReportGenerator.run();
      }
      else {
        log.warning("No log files for report generator to process.");
      }
      
      LockManager.releaseLock("report_generator_lock");
      log.info("Finished daily HTML report generation.");
    }
    else {
      log.warning("Failed to obtain lock.");
    }
      ]]>
    </bean-shell-script>
  </script>
  
  <!--
    ########################################################################
    # Weekly HTML Web Studio report generation script.
    #
  -->
  <script id="WeeklyHtmlReports">
    <log-dir>./logs/provisioned_scripts</log-dir>
    <provisioned-script-command>./control/runcommand.@@SCRIPT_SUFFIX@@ WeeklyHtmlReports run</provisioned-script-command>
    <bean-shell-script>
      <![CDATA[ 
    log.info("Starting weekly HTML report generation script.");
    
    if (LockManager.acquireLock("report_generator_lock")) {
      // clean report gen input dir
      WeeklyHtmlReportGenerator.cleanInputDir();
      
      // roll the logserver, if the report requires the active log file
      if (LogServer.isActive() && LogServer.lastWeekIncludesLatestLogFile()) {
        LogServer.callLogserverRollUrl();
      }
      
      // retrieve required log files for processing
      LogServer.copyLastWeekLogFilesToTargetDir();
      
      // update report generator to the appropriate dates, time series and to
      // output a timestamped file
      WeeklyHtmlReportGenerator.updateProvisioningForLastWeekReport();
      
      if (WeeklyHtmlReportGenerator.reportInputDirContainsFiles()) {
        // archive logs
        WeeklyHtmlReportGenerator.archiveLogDir();
        
        // generate report
        WeeklyHtmlReportGenerator.run();
      }
      else {
        log.warning("No log files for report generator to process.");
      }
      
      LockManager.releaseLock("report_generator_lock");
      log.info("Finished weekly HTML report generation.");
    }
    else {
      log.warning("Failed to obtain lock.");
    }
      ]]>
    </bean-shell-script>
  </script>
  
  <!--
    ########################################################################
    # Web Studio XML Report Generators
    #
  -->
  <report-generator id="WeeklyReportGenerator" host-id="ITLHost">
    <properties>
      <property name="webStudioReportDir" value="@@ENDECA_CONF@@/reports/@@PROJECT_NAME@@" />
      <property name="webStudioReportHostId" value="ITLHost" />
    </properties>
    <log-dir>./logs/report_generators/WeeklyReportGenerator</log-dir>
    <input-dir>./reports/input</input-dir>
    <output-file>./reports/weekly/report.xml</output-file>
    <stylesheet-file>./config/report_templates/tools_report_stylesheet.xsl</stylesheet-file>
    <settings-file>./config/report_templates/report_settings.xml</settings-file>
    <time-range>LastWeek</time-range>
    <time-series>Daily</time-series>
    <charts-enabled>true</charts-enabled>
    <java-options>
      <java-option>-Xmx1G</java-option>
    </java-options>  
  </report-generator>
  
  <report-generator id="DailyReportGenerator" host-id="ITLHost">
    <properties>
      <property name="webStudioReportDir" value="@@ENDECA_CONF@@/reports/@@PROJECT_NAME@@" />
      <property name="webStudioReportHostId" value="ITLHost" />
    </properties>
    <log-dir>./logs/report_generators/DailyReportGenerator</log-dir>
    <input-dir>./reports/input</input-dir>
    <output-file>./reports/daily/report.xml</output-file>
    <stylesheet-file>./config/report_templates/tools_report_stylesheet.xsl</stylesheet-file>
    <settings-file>./config/report_templates/report_settings.xml</settings-file>
    <time-range>Yesterday</time-range>
    <time-series>Hourly</time-series>
    <charts-enabled>true</charts-enabled>
    <java-options>
      <java-option>-Xmx1G</java-option>
    </java-options>
  </report-generator>
  
  
  <!--
    ########################################################################
    # HTML Report Generators
    #
  -->
  <report-generator id="WeeklyHtmlReportGenerator" host-id="ITLHost">
    <properties>
      <property name="numLogBackups" value="3" />
    </properties>
    <log-dir>./logs/report_generators/WeeklyHtmlReportGenerator</log-dir>
    <input-dir>./reports/input</input-dir>
    <output-file>./reports/weekly/report.html</output-file>
    <stylesheet-file>./config/report_templates/report_stylesheet.xsl</stylesheet-file>
    <settings-file>./config/report_templates/report_settings.xml</settings-file>
    <time-range>LastWeek</time-range>
    <java-options>
      <java-option>-Xmx1G</java-option>
    </java-options>   
  </report-generator>
  
  <report-generator id="DailyHtmlReportGenerator" host-id="ITLHost">
    <properties>
      <property name="numLogBackups" value="3" />
    </properties>
    <log-dir>./logs/report_generators/DailyHtmlReportGenerator</log-dir>
    <input-dir>./reports/input</input-dir>
    <output-file>./reports/daily/report.html</output-file>
    <stylesheet-file>./config/report_templates/report_stylesheet.xsl</stylesheet-file>
    <settings-file>./config/report_templates/report_settings.xml</settings-file>
    <time-range>Yesterday</time-range>
    <java-options>
      <java-option>-Xmx1G</java-option>
    </java-options>
  </report-generator>

</spr:beans>
