<?xml version="1.0" encoding="UTF-8"?>

<!DOCTYPE app-descriptor [
  <!ELEMENT app-descriptor ( custom-tokens+, dir-structure+, copy-pattern+ ) >
  <!ATTLIST app-descriptor
    update (true|false) #IMPLIED 
    id CDATA #IMPLIED 
  >
  
  <!ELEMENT dir-structure ( dir+ ) >
  
  <!ELEMENT dir ( #PCDATA ) >
  <!ATTLIST dir 
    primary (true|false) #IMPLIED
    platform (win|unix) #IMPLIED
  >

  <!ELEMENT custom-tokens ( token+ ) >
  <!ELEMENT token ( prompt-question, install-config-option ) >
  <!ATTLIST token 
    name CDATA #IMPLIED
  >
  <!ELEMENT prompt-question ( #PCDATA ) >
  <!ELEMENT install-config-option ( #PCDATA ) >

  
  <!ELEMENT copy-pattern ( copy+ ) >
  <!ATTLIST copy-pattern src-root CDATA #REQUIRED >
    
  <!ELEMENT copy ( src-dir, src-file, dest-dir ) >
  <!ATTLIST copy 
    clear-dest-dir (true|false) #IMPLIED
    recursive (true|false) #IMPLIED
    preserve-subdirs (true|false) #IMPLIED
    filter-files (true|false) #IMPLIED
    mode CDATA #IMPLIED
    primary (true|false) #IMPLIED
    platform (win|unix) #IMPLIED 
    endeca-version (460|470|480|500|510) #IMPLIED
  >
  
  <!ELEMENT dest-dir ( #PCDATA ) >
  <!ELEMENT src-dir ( #PCDATA ) >
  <!ELEMENT src-file ( #PCDATA ) >
]>

<!--
  Deployment Template installer configuration file. This file defines
  the directory structure to create and the copies to perform to distribute
  files into the new directory structure. In addition, the file specifies
  custom tokens that should be substituted in files enabled for filtering.
  
  The update attribute of the root install element indicates whether
  this is a core installation or an add-on module. When set to false or
  unspecified, the installation requires the removal of an existing target
  install directory (if present). When update is set to true, the installer
  preserves any existing directories, adding directories as required and
  distributing files based on the specified copy pattern.
-->
<app-descriptor update="false" id="Dgraph">

  <custom-tokens>
    <!-- Template custom token:
      <token name="MYTOKEN">
        <prompt-question>What is the value to substitute for token MYTOKEN?</prompt-question>
        <install-config-option>myToken</install-config-option>
        <default-value>My Value</default-value>
      </token>
      
      This will instruct the installer to look for the "myToken" option in a specified
      install config file (if one is specified) or to prompt the user with the specified
      question to submit a value. If a value is entered/retrieved, the installer will
      substitute instances of @@MYTOKEN@@ with the value.
    -->
    <token name="DGRAPH_1_PORT">
      <prompt-question>What port should be used for Dgraph1? [Default: 15000]</prompt-question>
      <install-config-option>dgraph1Port</install-config-option>
      <default-value>15000</default-value>
    </token>
    <token name="DGRAPH_2_PORT">
      <prompt-question>What port should be used for Dgraph2? [Default: 15001]</prompt-question>
      <install-config-option>dgraph2Port</install-config-option>
      <default-value>15001</default-value>
    </token>
    <token name="LOGSERVER_PORT">
      <prompt-question>What port should be used for LogServer? [Default: 15010]</prompt-question>
      <install-config-option>logserverPort</install-config-option>
      <default-value>15010</default-value>
    </token>
  </custom-tokens>

  <dir-structure>
    <!-- Template directory:
      <dir platform="unix" primary="true"></dir>
      
      primary           builds directory only on primary server installs
      
      platform          builds directory only on specified platform. Valid 
                          values: "win" and "unix"
    -->  
    <dir>config/script</dir>
    <dir>config/pipeline</dir>
    <dir>config/report_templates</dir>
    <dir>config/lib/java</dir>
    <dir>config/lib/perl</dir>
    <dir>config/lib/xsl</dir>
    <dir>control</dir>
    <dir>logs</dir>
    <dir>test_data</dir>
  </dir-structure>
  
  <copy-pattern src-root="../data">
    <!-- Template copy pattern:
      <copy clear-dest-dir="true" recursive="true" 
            preserve-subdirs="true" filter-files="true" 
            primary="true" platform="win" endeca-version="480">
        <src-dir></src-dir>
        <src-file></src-file>
        <dest-dir></dest-dir>
      </copy>

      src-dir           source directory, relative to root of deployment
                          template package.
      
      src-file          source filename or pattern (using '*' wildcard
                          character) to copy from source dir
      
      dest-dir          destination directory, relative to root of target
                          deployment directory.
            
      clear-dest-dir    removes all files in target dir before copying
      
      recursive         copies files matching pattern in subdirectories
                          of the specified source dir
      
      preserve-subdirs  copies files, preserving dir structure. Only
                          applicable to recursive copies
      
      filter-files      filters file contents and file names by replacing tokens
                          (format @@TOKEN@@) with specified strings.
      
      mode              applies the specified permissions to the files after
                          the copy. Mode string should be 3 octal digits
                          with an optional leading zero to indicate octal,
                          e.g. 755, 0644. Not relevant for Windows deployments.
      
      primary           applies copy only to primary server installs
      
      platform          applies copy to specified platform. Valid 
                          values: "win" "unix"
      
      endeca-version    applies copy to specified endeca version Valid 
                          values: "460" "470" "480" "500" "510"
    -->
    <copy preserve-subdirs="true" recursive="true">
      <src-dir>./eac-java/common/config/lib/java</src-dir>
      <src-file>*</src-file>
      <dest-dir>./config/lib/java</dest-dir>
    </copy>
    <copy preserve-subdirs="true" recursive="true">
      <src-dir>./eac-java/cas_crawl/config/lib/perl</src-dir>
      <src-file>*</src-file>
      <dest-dir>./config/lib/perl</dest-dir>
    </copy>
    <copy filter-files="true" preserve-subdirs="true" recursive="true">
      <src-dir>./eac-java/cas_crawl/config/crawl_script_templates</src-dir>
      <src-file>*</src-file>
      <dest-dir>./config/crawl_script_templates</dest-dir>
    </copy>
    <copy filter-files="true">
      <src-dir>./eac-java/common/config/script/</src-dir>
      <src-file>logging.properties</src-file>
      <dest-dir>./config/script</dest-dir>
    </copy>
    <copy filter-files="true" platform="win">
      <src-dir>./eac-java/common/config/script/</src-dir>
      <src-file>set_environment.bat</src-file>
      <dest-dir>./config/script</dest-dir>
    </copy>
    <copy filter-files="true" platform="unix">
      <src-dir>./eac-java/common/config/script/</src-dir>
      <src-file>set_environment.sh</src-file>
      <dest-dir>./config/script</dest-dir>
    </copy>
    <copy filter-files="true">
      <src-dir>./eac-java/dgraph/config/script/</src-dir>
      <src-file>*</src-file>
      <dest-dir>./config/script</dest-dir>
    </copy>
    <copy filter-files="true">
      <src-dir>./eac-java/cas_crawl/config/script/</src-dir>
      <src-file>*</src-file>
      <dest-dir>./config/script</dest-dir>
    </copy>
    <copy filter-files="true" primary="true">
      <src-dir>./common/common/config/pipeline/</src-dir>
      <src-file>*</src-file>
      <dest-dir>./config/pipeline</dest-dir>
    </copy>
    <copy filter-files="true" primary="true">
      <src-dir>./eac-java/cas_crawl/config/cas_crawl_pipeline/</src-dir>
      <src-file>*</src-file>
      <dest-dir>./config/cas_crawl_pipeline</dest-dir>
    </copy>
    <copy filter-files="true" primary="true">
      <src-dir>./common/dgraph/config/pipeline/</src-dir>
      <src-file>*</src-file>
      <dest-dir>./config/pipeline</dest-dir>
    </copy>
    <copy recursive="true" preserve-subdirs="true">
      <src-dir>./common/common/test_data</src-dir>
      <src-file>*</src-file>
      <dest-dir>./test_data</dest-dir>
    </copy>
    <copy>
      <src-dir>./common/common/config/report_config/</src-dir>
      <src-file>*.xsl</src-file>
      <dest-dir>./config/report_templates</dest-dir>
    </copy>
    <copy>
      <src-dir>./common/common/config/report_config/</src-dir>
      <src-file>report_settings.xml</src-file>
      <dest-dir>./config/report_templates</dest-dir>
    </copy>
    <copy recursive="true" platform="win">
      <src-dir>./eac-java/common/control/</src-dir>
      <src-file>*.bat</src-file>
      <dest-dir>./control</dest-dir>
    </copy>
    <copy recursive="true" platform="win">
      <src-dir>./eac-java/cas_crawl/control/</src-dir>
      <src-file>*.bat</src-file>
      <dest-dir>./control/cas</dest-dir>
    </copy>
    <copy platform="win">
      <src-dir>./common/common/control</src-dir>
      <src-file>tee.pl</src-file>
      <dest-dir>./control</dest-dir>
    </copy>
    <copy recursive="true" platform="unix" mode="755">
      <src-dir>./eac-java/common/control/</src-dir>
      <src-file>*.sh</src-file>
      <dest-dir>./control</dest-dir>
    </copy>
    <copy recursive="true" platform="unix" mode="755">
      <src-dir>./eac-java/cas_crawl/control/</src-dir>
      <src-file>*.sh</src-file>
      <dest-dir>./control/cas</dest-dir>
    </copy>
  </copy-pattern>
</app-descriptor>
