<?xml version="1.0" encoding="UTF-8"?>

<!DOCTYPE install [
  <!ELEMENT install ( deployment-path, base-module?, additional-module*, options ) >
  <!ATTLIST install 
    controller (eac-java) #REQUIRED 
    app-name CDATA #REQUIRED
  >
  
  <!ELEMENT deployment-path ( #PCDATA ) >
  
  <!ELEMENT base-module EMPTY >
  <!ATTLIST base-module type (dgraph|agraph) #REQUIRED >
  
  <!ELEMENT additional-module ( #PCDATA ) >
  <!ATTLIST additional-module type (custom) #REQUIRED >
  
  <!ELEMENT options ( option* ) >
  
  <!ELEMENT option ( #PCDATA ) >
  <!ATTLIST option name (eac-port) #REQUIRED >
  <!ATTLIST option name (parallel-forge) #REQUIRED >
]>

<!--
    controller         control system to use for this deployment. Valid values:
                         "eac-java"
    
    app-name           short name for your application. Must conform to this regular 
                         expression: ^[a-zA-Z0-9]+$
    
    deployment-path    path where app will be deployed. App will be installed into the [app-name]
                         directory inside the specified path.
          
    base-module        specifies the core module (application type) to install. Valid
                         type values: "dgraph" "agraph"
    
    additional-module  specifies an add-on module to install. Valid type values: "custom" 
                         Note: "custom" type must specify the path to an app descriptor XML.
                         Multiple modules may be specified.
    
    option(s)          name/value pairs used to specify install information. Known names:
                         "eac-port" - port of EAC central server, EAC agent, Web Studio
                         "parallel-forge" - Valid values: "true" "false". Defaults to "false".
                       additional custom options may be specified to support custom tokens.
-->

<install controller="eac-java" app-name="MyApp" >
  <deployment-path>C:\Endeca</deployment-path>
  <base-module type="dgraph" />
  <options>
    <option name="eac-port">8888</option>
    <option name="dgraph1Port">15000</option>
    <option name="dgraph2Port">15001</option>
    <option name="logserverPort">15010</option>
  </options>
</install>
