<?xml version="1.0" encoding="UTF-8"?>
<!--
  ##########################################################################
  # This file contains settings for an EAC application.
  #
-->
<spr:beans xmlns:spr="http://www.springframework.org/schema/beans"
  xmlns:xsi="http://www.w3.org/2001/XMLSchema-instance"
  xmlns:tx="http://www.springframework.org/schema/tx"
  xmlns:aop="http://www.springframework.org/schema/aop"
  xmlns="http://www.endeca.com/schema/eacToolkit"
  xsi:schemaLocation="
      http://www.springframework.org/schema/tx http://www.springframework.org/schema/tx/spring-tx-2.0.xsd
      http://www.springframework.org/schema/beans http://www.springframework.org/schema/beans/spring-beans-2.0.xsd
      http://www.springframework.org/schema/aop http://www.springframework.org/schema/aop/spring-aop-2.0.xsd
      http://www.endeca.com/schema/eacToolkit http://www.endeca.com/schema/eacToolkit/eacToolkit.xsd">

  <!--
    ########################################################################
    # CAS servers/hosts
    #
  -->
  <host id="CASHost" hostName="@@HOST@@" port="@@EAC_PORT@@" />
  
  
  <!--
    ########################################################################
    # Content Acquisition System Server
    #
  -->
  <custom-component id="CAS" host-id="CASHost" class="com.endeca.soleng.eac.toolkit.component.ContentAcquisitionServerComponent">
    <properties>
      <property name="casHost" value="@@HOST@@" />
      <property name="casPort" value="15088" />
      <property name="casCrawlFullOutputDestDir" value="./data/complete_cas_crawl_output/full" />
      <property name="casCrawlIncrementalOutputDestDir" value="./data/complete_cas_crawl_output/incremental" />
      <property name="casCrawlOutputDestHost" value="CASHost" />
    </properties>
  </custom-component>

  <!--
    ########################################################################
    # script to fetch full/delta CAS crawl data for baseline/delta
    # processing
    #
  -->
  <script id="fetchFullCasCrawlData">
    <log-dir>./logs/provisioned_scripts</log-dir>
    <provisioned-script-command>./control/runcommand.@@SCRIPT_SUFFIX@@ fetchFullCasCrawlData run</provisioned-script-command>
    <bean-shell-script>
      <![CDATA[ 
    log.info("Fetching full CAS crawl data for processing.");
    // try to acquire a lock on the complete crawl data directory
    // for up to 10 minutes
    if (LockManager.acquireLockBlocking("complete_cas_crawl_data_lock", 600))
    {
      // remove baseline data ready flag, ensuring baseline doesn't start
      // before data is completely copied and ready for processing
      LockManager.removeFlag("baseline_data_ready");
      
      fullSrcDir = PathUtils.getAbsolutePath(CAS.getWorkingDir(),
          CAS.getCasCrawlFullOutputDestDir()) + "/\\*";
      incrSrcDir = PathUtils.getAbsolutePath(CAS.getWorkingDir(),
          CAS.getCasCrawlIncrementalOutputDestDir()) + "/\\*";
          
      fullDestDir = PathUtils.getAbsolutePath(Forge.getWorkingDir(),
        Forge.getIncomingDataDir()) + "/full";
      incrDestDir = PathUtils.getAbsolutePath(Forge.getWorkingDir(),
        Forge.getIncomingDataDir()) + "/incremental";
        
      // create destination directories
      mkDirUtil = new CreateDirUtility(Forge.getAppName(), 
        Forge.getEacHost(), Forge.getEacPort(), Forge.isSslEnabled());
      mkDirUtil.init(Forge.getHostId(), fullDestDir, Forge.getWorkingDir());
      mkDirUtil.run();
      
      mkDirUtil.init(Forge.getHostId(), incrDestDir, Forge.getWorkingDir());
      mkDirUtil.run();
        
      crawlDataCopy = new CopyUtility(Forge.getAppName(),
        Forge.getEacHost(), Forge.getEacPort(), Forge.isSslEnabled());
        
      // copy full crawl data
      crawlDataCopy.init("copy_complete_cas_full_crawl_data", CAS.getCasCrawlOutputDestHost(),
        Forge.getHostId(), fullSrcDir, fullDestDir, true);
      crawlDataCopy.run();
      
      // copy incremental crawl data
      crawlDataCopy.init("copy_complete_cas_incremental_crawl_data", CAS.getCasCrawlOutputDestHost(),
        Forge.getHostId(), incrSrcDir, incrDestDir, true);
      crawlDataCopy.run();
      
      // Forge will fail if there's no incremental data to read, so we check
      // for files and create a dummy file if there's no real incremental data.
      // Default setup looks for a .bin.gz file so we create and zip a file;
      // other pipeline configurations may require another file format.
      fileUtil = new FileUtility(Forge.getAppName(), Forge.getEacHost(), 
        Forge.getEacPort(), Forge.isSslEnabled());
      if (! fileUtil.dirContainsFiles(incrDestDir, Forge.getHostId())) {
        placeholder = incrDestDir + "/placeholder.bin";
        touchCmd = "touch " + placeholder;
        zipCmd = "gzip " + placeholder;

        if (System.getProperty("os.name").startsWith("Win")) {
          touchCmd = "%ENDECA_ROOT%\\utilities\\touch.exe " + placeholder;
          zipCmd = "%ENDECA_ROOT%\\utilities\\gzip.exe " + placeholder;
        }
        
        shell = new ShellUtility(Forge.getAppName(), Forge.getEacHost(), 
          Forge.getEacPort(), Forge.isSslEnabled());
        shell.init("create_incremental_cas_crawl_placeholder", Forge.getHostId(),
          touchCmd, Forge.getWorkingDir());
        shell.run();
        
        shell.init("zip_incremental_cas_crawl_placeholder", Forge.getHostId(),
          zipCmd, Forge.getWorkingDir());
        shell.run();
      }
      
      // The delta update pipeline should keep the most up-to-date copy of
      // any record, either from the baseline crawl data or the latest version
      // from the incremental crawl data. To make sure this happens, the
      // incremental crawl files must be read in reverse chronological order
      // (i.e. file order must be reversed) so that the first copy of each 
      // record read (which will be the only record the pipeline keeps) is 
      // the most recent copy.
      else {
        incrFiles = fileUtil.getDirContents(incrDestDir, Forge.getHostId());
        fileNum = incrFiles.size();
        import java.text.NumberFormat;
        import java.text.DecimalFormat;
        import java.util.SortedMap;
        import java.util.TreeMap;
        import java.io.File;
        NumberFormat formatter = new DecimalFormat("000000");
        SortedMap sortedFiles = new TreeMap();
        sortedFiles.putAll(incrFiles);
        for (incrFile : sortedFiles.keySet()) {
          prefix = formatter.format(fileNum);
          origFileName = PathUtils.getFileNameFromPath(incrFile);
          newFileName = prefix + "_" + origFileName;
          absNewFile = PathUtils.getAbsolutePath(Forge.getWorkingDir(),
            Forge.getIncomingDataDir()) + File.separator + "incremental" +
            File.separator + newFileName;
           
          renameUtil = new LocalMoveUtility(Forge.getAppName(), Forge.getEacHost(),
            Forge.getEacPort(), Forge.isSslEnabled());
          renameUtil.init(Forge.getHostId(), incrFile, absNewFile, Forge.getWorkingDir());
          renameUtil.run();
          
          fileNum--;
        }
      }
      
      // (re)set flag indicating that the baseline can process incoming data
      LockManager.setFlag("baseline_data_ready");
    
      // release lock on the crawl data directory
      LockManager.releaseLock("complete_cas_crawl_data_lock");
    }
    else
    {
      log.warning("Failed to acquire lock to retrieve full crawled content for baseline/delta update processing.");
    }
    
    log.info("Crawl data fetch script finished.");
      ]]>
    </bean-shell-script>
  </script>
  
  
  <!--
    ########################################################################
    # script to fetch incremental CAS crawl data for partial update 
    # processing
    #
  -->
  <script id="fetchIncrementalCasCrawlData">
    <log-dir>./logs/provisioned_scripts</log-dir>
    <provisioned-script-command>./control/runcommand.@@SCRIPT_SUFFIX@@ fetchIncrementalCasCrawlData run</provisioned-script-command>
    <bean-shell-script>
      <![CDATA[ 
    log.info("Fetching incremental CAS crawl data for processing.");
    // try to acquire a lock on the complete crawl data directory
    // for up to 10 minutes
    if (LockManager.acquireLockBlocking("complete_cas_crawl_data_lock", 600))
    {
      incrSrcDir = PathUtils.getAbsolutePath(CAS.getWorkingDir(),
          CAS.getCasCrawlIncrementalOutputDestDir()) + "/\\*";
      incrDestDir = PathUtils.getAbsolutePath(PartialForge.getWorkingDir(),
        PartialForge.getIncomingDataDir());

      // copy incremental crawl data        
      crawlDataCopy = new CopyUtility(PartialForge.getAppName(),
        PartialForge.getEacHost(), PartialForge.getEacPort(), PartialForge.isSslEnabled());
      crawlDataCopy.init("copy_complete_cas_incremental_crawl_data", CAS.getCasCrawlOutputDestHost(),
        PartialForge.getHostId(), incrSrcDir, incrDestDir, true);
      crawlDataCopy.run();
      
      // (re)set flags indicating which partial update files are ready
      // for processing -- convention is "partial_extract::[filename]"
      fileUtil = new FileUtility(PartialForge.getAppName(), PartialForge.getEacHost(), 
        PartialForge.getEacPort(), PartialForge.isSslEnabled());
      dirContents = fileUtil.getDirContents(incrDestDir, PartialForge.getHostId());
      
      for (file : dirContents.keySet()) {
        fileName = PathUtils.getFileNameFromPath(file);
        LockManager.setFlag("partial_extract::" + fileName);
      }
    
      // release lock on the crawl data directory
      LockManager.releaseLock("complete_cas_crawl_data_lock");
    }
    else
    {
      log.warning("Failed to acquire lock to retrieve full crawled content for partial update processing.");
    }
    
    log.info("Crawl data fetch script finished.");
      ]]>
    </bean-shell-script>
  </script>

</spr:beans>
