<?xml version="1.0" encoding="UTF-8"?>
<!--
  ##########################################################################
  # This file contains settings for an EAC application.
  #
-->
<spr:beans xmlns:spr="http://www.springframework.org/schema/beans"
  xmlns:xsi="http://www.w3.org/2001/XMLSchema-instance"
  xmlns:tx="http://www.springframework.org/schema/tx"
  xmlns:aop="http://www.springframework.org/schema/aop"
  xmlns="http://www.endeca.com/schema/eacToolkit"
  xsi:schemaLocation="
      http://www.springframework.org/schema/tx http://www.springframework.org/schema/tx/spring-tx-2.0.xsd
      http://www.springframework.org/schema/beans http://www.springframework.org/schema/beans/spring-beans-2.0.xsd
      http://www.springframework.org/schema/aop http://www.springframework.org/schema/aop/spring-aop-2.0.xsd
      http://www.endeca.com/schema/eacToolkit http://www.endeca.com/schema/eacToolkit/eacToolkit.xsd">

  <!--
    ########################################################################
    # baseline crawl script
    #
  -->
  <script id="@CRAWL_NAME@_baselineCasCrawl">
    <log-dir>./logs/provisioned_scripts</log-dir>
    <provisioned-script-command>./control/runcommand.@@SCRIPT_SUFFIX@@ @CRAWL_NAME@_baselineCasCrawl run</provisioned-script-command>
    <bean-shell-script>
      <![CDATA[ 
    crawlName = "@CRAWL_NAME@";
       
    log.info("Starting full CAS crawl '" + crawlName + "'.");
    
    // obtain lock
    if (LockManager.acquireLock("crawl_lock_" + crawlName)) {
      CAS.cleanOutputDir(crawlName);
      CAS.runBaselineCasCrawl(crawlName);
      CAS.renameBaselineCrawlOutput(crawlName);

      // try to acquire a lock on the complete crawl data directory
      // for up to 10 minutes
      if (LockManager.acquireLockBlocking("complete_cas_crawl_data_lock", 600))
      {
        destDir = PathUtils.getAbsolutePath(CAS.getWorkingDir(),
          CAS.getCasCrawlFullOutputDestDir());
          
        // create the target dir, if it doesn't already exist
        mkDirUtil = new CreateDirUtility(CAS.getAppName(), 
          CAS.getEacHost(), CAS.getEacPort(), CAS.isSslEnabled());
        mkDirUtil.init(CAS.getCasCrawlOutputDestHost(), destDir, CAS.getWorkingDir());
        mkDirUtil.run();
            
        // clear the destination dir of full crawl files, in case
        // we are not overwriting the same file such as when the
        // crawl output format has changed.
        CAS.clearFullCrawlOutputFromDestinationDir(crawlName);
        
        // remove previously collected incremental crawl files,
        // which are expected to be incorporated in this full crawl
        CAS.clearIncrementalCrawlOutputFromDestinationDir(crawlName);
      
        // deliver crawl output to destination directory
        CAS.copyBaselineCrawlOutputToDestinationDir(crawlName);
      
        // release lock on the crawl data directory
        LockManager.releaseLock("complete_cas_crawl_data_lock");
      }
      else
      {
        log.warning("Failed to acquire lock to deliver full crawled content for baseline update processing.");
      }
      LockManager.releaseLock("crawl_lock_" + crawlName);
    }
    else {
      log.warning("Failed to obtain lock.");
    }
    
    log.info("Finished full CAS crawl '" + crawlName + "'.");
      ]]>
    </bean-shell-script>
  </script>
  
  <!--
    ########################################################################
    # incremental crawl script
    #
  -->
  <script id="@CRAWL_NAME@_incrementalCasCrawl">
    <log-dir>./logs/provisioned_scripts</log-dir>
    <provisioned-script-command>./control/runcommand.@@SCRIPT_SUFFIX@@ @CRAWL_NAME@_incrementalCasCrawl run</provisioned-script-command>
    <bean-shell-script>
      <![CDATA[ 
    crawlName = "@CRAWL_NAME@";
       
    log.info("Starting incremental CAS crawl '" + crawlName + "'.");
    
    // obtain lock
    if (LockManager.acquireLock("crawl_lock_" + crawlName)) {
      CAS.cleanOutputDir(crawlName);
      CAS.runIncrementalCasCrawl(crawlName);
      CAS.renameIncrementalCrawlOutput(crawlName);

      // try to acquire a lock on the complete crawl data directory
      // for up to 10 minutes
      if (LockManager.acquireLockBlocking("complete_cas_crawl_data_lock", 600))
      {
        destDir = PathUtils.getAbsolutePath(CAS.getWorkingDir(),
          CAS.getCasCrawlIncrementalOutputDestDir());
          
        // create the target dir, if it doesn't already exist
        mkDirUtil = new CreateDirUtility(CAS.getAppName(), 
          CAS.getEacHost(), CAS.getEacPort(), CAS.isSslEnabled());
        mkDirUtil.init(CAS.getCasCrawlOutputDestHost(), destDir, CAS.getWorkingDir());
        mkDirUtil.run();
      
        // deliver crawl output to destination directory
        CAS.copyIncrementalCrawlOutputToDestinationDir(crawlName);
      
        // release lock on the crawl data directory
        LockManager.releaseLock("complete_cas_crawl_data_lock");
      }
      else
      {
        log.warning("Failed to acquire lock to deliver incremental crawled content for partial update processing.");
      }
      LockManager.releaseLock("crawl_lock_" + crawlName);
    }
    else {
      log.warning("Failed to obtain lock.");
    }
    
    log.info("Finished incremental CAS crawl '" + crawlName + "'.");
      ]]>
    </bean-shell-script>
  </script>

</spr:beans>
