<?xml version="1.0" encoding="UTF-8" standalone="no" ?>
<!DOCTYPE REFINEMENTS_CONFIG SYSTEM "refinement_config.dtd">
<REFINEMENTS_CONFIG>

  <REFINEMENTS NAME="Endeca.SourceType" SORT_TYPE="ALPHA">
    <STATS NUM_RECORDS="FALSE"/>
  </REFINEMENTS>

  <REFINEMENTS NAME="Endeca.Document.Type" SORT_TYPE="ALPHA">
    <STATS NUM_RECORDS="FALSE"/>
  </REFINEMENTS>

  <REFINEMENTS NAME="Endeca" SORT_TYPE="ALPHA">
    <STATS NUM_RECORDS="FALSE"/>
  </REFINEMENTS>

</REFINEMENTS_CONFIG>
