<?xml version="1.0" encoding="UTF-8" standalone="no" ?>
<!DOCTYPE DIMENSIONS SYSTEM "dimensions.dtd">
<DIMENSIONS VERSION="1.0.0">

  <DIMENSION NAME="Endeca.SourceType" SRC_TYPE="AUTOGEN">
    <DIMENSION_ID ID="9"/>
    <DIMENSION_NODE>
      <DVAL TYPE="EXACT">
        <DVAL_ID ID="9"/>
        <SYN CLASSIFY="FALSE" DISPLAY="TRUE" SEARCH="FALSE">Endeca.SourceType</SYN>
      </DVAL>
    </DIMENSION_NODE>
  </DIMENSION>

  <DIMENSION NAME="Endeca.Document.Type" SRC_TYPE="AUTOGEN">
    <DIMENSION_ID ID="10"/>
    <DIMENSION_NODE>
      <DVAL TYPE="EXACT">
        <DVAL_ID ID="10"/>
        <SYN CLASSIFY="FALSE" DISPLAY="TRUE" SEARCH="FALSE">Endeca.Document.Type</SYN>
      </DVAL>
    </DIMENSION_NODE>
  </DIMENSION>

  <DIMENSION NAME="Endeca" SRC_TYPE="INTERNAL">
    <DIMENSION_ID ID="11"/>
    <DIMENSION_NODE>
      <DVAL TYPE="EXACT">
        <DVAL_ID ID="11"/>
        <SYN CLASSIFY="FALSE" DISPLAY="TRUE" SEARCH="FALSE">Endeca</SYN>
      </DVAL>
      <DIMENSION_NODE>
        <DVAL TYPE="EXACT">
          <DVAL_ID ID="12"/>
          <SYN CLASSIFY="TRUE" DISPLAY="TRUE" SEARCH="TRUE">Primary</SYN>
        </DVAL>
      </DIMENSION_NODE>
    </DIMENSION_NODE>
  </DIMENSION>

</DIMENSIONS>
