<?xml version="1.0" encoding="UTF-8" standalone="no" ?>
<!DOCTYPE PROP_REFS SYSTEM "prop_refs.dtd">
<PROP_REFS>

  <PROP_REF NAME="P_Body" TYPE="ALPHA"/>

  <PROP_REF NAME="P_DateReviewed" TYPE="ALPHA"/>

  <PROP_REF NAME="P_Description" TYPE="ALPHA"/>

  <PROP_REF NAME="P_Designation" TYPE="ALPHA"/>

  <PROP_REF NAME="P_Drinkability" TYPE="ALPHA"/>

  <PROP_REF NAME="P_Flavor" TYPE="ALPHA"/>

  <PROP_REF NAME="P_Name" TYPE="ALPHA"/>

  <PROP_REF NAME="P_Price" TYPE="DOUBLE"/>

  <PROP_REF NAME="P_Region" TYPE="ALPHA"/>

  <PROP_REF NAME="P_Score" TYPE="INTEGER"/>

  <PROP_REF NAME="P_WineID" TYPE="ALPHA"/>

  <PROP_REF NAME="P_Winery" TYPE="ALPHA"/>

  <PROP_REF NAME="P_WineType" TYPE="ALPHA"/>

  <PROP_REF NAME="P_Year" TYPE="INTEGER"/>

</PROP_REFS>
