<?xml version="1.0" encoding="UTF-8" standalone="no" ?>
<!DOCTYPE MERCH_RULE_GROUP SYSTEM "merch_rule_group.dtd">
<MERCH_RULE_GROUP ID="1" NAME="default">

  <MERCH_RULE ID="1" SELF_PIVOT="FALSE" SHUFFLE_RECS="FALSE" STYLE_NAME="Style 1" TITLE="Recommended Merlots" ZONE_NAME="Zone One">
    <MERCH_RULE_TRIGGER INHERIT="TRUE">
      <DVAL_ID ID="8021"/>
    </MERCH_RULE_TRIGGER>
    <MERCH_RULE_TARGET AUGMENT_NAV_STATE="FALSE">
      <DVAL_ID ID="8025"/>
      <DVAL_ID ID="8029"/>
    </MERCH_RULE_TARGET>
  </MERCH_RULE>

  <MERCH_RULE ID="4" SELF_PIVOT="FALSE" SHUFFLE_RECS="FALSE" STYLE_NAME="Style 1" TITLE="Recommended Pinot Noirs" ZONE_NAME="Zone One">
    <MERCH_RULE_TRIGGER INHERIT="TRUE">
      <DVAL_ID ID="8021"/>
    </MERCH_RULE_TRIGGER>
    <MERCH_RULE_TARGET AUGMENT_NAV_STATE="TRUE">
      <DVAL_ID ID="8024"/>
      <DVAL_ID ID="8029"/>
    </MERCH_RULE_TARGET>
  </MERCH_RULE>

  <MERCH_RULE ID="6" SELF_PIVOT="FALSE" SHUFFLE_RECS="FALSE" STYLE_NAME="Style 1" TITLE="Recommended Chardonnays" ZONE_NAME="Zone One">
    <MERCH_RULE_TRIGGER INHERIT="TRUE">
      <DVAL_ID ID="8013"/>
    </MERCH_RULE_TRIGGER>
    <MERCH_RULE_TARGET AUGMENT_NAV_STATE="TRUE">
      <DVAL_ID ID="8015"/>
      <DVAL_ID ID="8029"/>
    </MERCH_RULE_TARGET>
  </MERCH_RULE>

  <MERCH_RULE ID="2" SELF_PIVOT="FALSE" SHUFFLE_RECS="FALSE" STYLE_NAME="Style 2" TITLE="Highly Recommended" ZONE_NAME="Zone Two">
    <MERCH_RULE_TRIGGER INHERIT="TRUE"/>
    <MERCH_RULE_TARGET AUGMENT_NAV_STATE="TRUE">
      <DVAL_ID ID="8029"/>
    </MERCH_RULE_TARGET>
  </MERCH_RULE>

  <MERCH_RULE ID="5" SELF_PIVOT="FALSE" SHUFFLE_RECS="FALSE" STYLE_NAME="Style 3" TITLE="Best Buys" ZONE_NAME="Zone Three">
    <MERCH_RULE_TRIGGER INHERIT="TRUE"/>
    <MERCH_RULE_TARGET AUGMENT_NAV_STATE="TRUE">
      <DVAL_ID ID="8031"/>
    </MERCH_RULE_TARGET>
  </MERCH_RULE>

</MERCH_RULE_GROUP>
