<?xml version="1.0" encoding="UTF-8" standalone="no" ?>
<!DOCTYPE DIMENSION_REFS SYSTEM "dimension_refs.dtd">
<DIMENSION_REFS>

  <DIMENSION_REF HIDDEN="FALSE" NAME="Region" TYPE="SECONDARY"/>

  <DIMENSION_REF HIDDEN="FALSE" NAME="Winery" TYPE="SECONDARY"/>

  <DIMENSION_REF HIDDEN="FALSE" NAME="Vintage" TYPE="SECONDARY"/>

  <DIMENSION_REF HIDDEN="FALSE" NAME="Price Range" TYPE="SECONDARY"/>

  <DIMENSION_REF HIDDEN="FALSE" NAME="Review Score" TYPE="SECONDARY"/>

  <DIMENSION_REF HIDDEN="FALSE" NAME="Designation" TYPE="SECONDARY"/>

  <DIMENSION_REF HIDDEN="FALSE" NAME="Body" TYPE="SECONDARY"/>

  <DIMENSION_REF HIDDEN="FALSE" NAME="Flavors" TYPE="SECONDARY"/>

  <DIMENSION_REF HIDDEN="FALSE" NAME="Drinkability" TYPE="SECONDARY"/>

  <DIMENSION_REF HIDDEN="FALSE" NAME="Endeca" TYPE="PRIMARY"/>

  <DIMENSION_REF HIDDEN="FALSE" NAME="Wine Type" TYPE="SECONDARY"/>

</DIMENSION_REFS>
