<?xml version="1.0" encoding="UTF-8" standalone="no" ?>
<!DOCTYPE DVAL_RANKS SYSTEM "dval_ranks.dtd">
<DVAL_RANKS>

  <DVAL_RANK ID="5" RANK="3"/>

  <DVAL_RANK ID="7" RANK="4"/>

  <DVAL_RANK ID="3" RANK="1"/>

  <DVAL_RANK ID="12" RANK="2"/>

  <DVAL_RANK ID="10" RANK="6"/>

  <DVAL_RANK ID="8" RANK="9"/>

  <DVAL_RANK ID="9" RANK="5"/>

  <DVAL_RANK ID="2" RANK="7"/>

  <DVAL_RANK ID="6200" RANK="10"/>

  <DVAL_RANK ID="11" RANK="8"/>

  <DVAL_RANK ID="8031" RANK="9"/>

  <DVAL_RANK ID="8029" RANK="8"/>

  <DVAL_RANK ID="21" RANK="10"/>

  <DVAL_RANK ID="22" RANK="9"/>

  <DVAL_RANK ID="23" RANK="8"/>

  <DVAL_RANK ID="24" RANK="7"/>

  <DVAL_RANK ID="25" RANK="6"/>

  <DVAL_RANK ID="26" RANK="5"/>

  <DVAL_RANK ID="27" RANK="4"/>

  <DVAL_RANK ID="28" RANK="3"/>

  <DVAL_RANK ID="29" RANK="2"/>

  <DVAL_RANK ID="30" RANK="1"/>

  <DVAL_RANK ID="8021" RANK="3"/>

  <DVAL_RANK ID="8023" RANK="7"/>

  <DVAL_RANK ID="8022" RANK="6"/>

  <DVAL_RANK ID="8026" RANK="5"/>

  <DVAL_RANK ID="8025" RANK="4"/>

  <DVAL_RANK ID="8024" RANK="3"/>

  <DVAL_RANK ID="8027" RANK="2"/>

  <DVAL_RANK ID="8028" RANK="1"/>

  <DVAL_RANK ID="6204" RANK="2"/>

  <DVAL_RANK ID="6202" RANK="10"/>

  <DVAL_RANK ID="8011" RANK="9"/>

  <DVAL_RANK ID="8005" RANK="8"/>

  <DVAL_RANK ID="8010" RANK="7"/>

  <DVAL_RANK ID="8009" RANK="6"/>

  <DVAL_RANK ID="8012" RANK="5"/>

  <DVAL_RANK ID="8008" RANK="4"/>

  <DVAL_RANK ID="8004" RANK="3"/>

  <DVAL_RANK ID="8007" RANK="2"/>

  <DVAL_RANK ID="8006" RANK="1"/>

  <DVAL_RANK ID="8013" RANK="1"/>

  <DVAL_RANK ID="8017" RANK="7"/>

  <DVAL_RANK ID="8015" RANK="6"/>

  <DVAL_RANK ID="8018" RANK="5"/>

  <DVAL_RANK ID="8014" RANK="4"/>

  <DVAL_RANK ID="8020" RANK="2"/>

  <DVAL_RANK ID="8019" RANK="1"/>

  <DVAL_RANK ID="8035" RANK="4"/>

  <DVAL_RANK ID="8039" RANK="3"/>

  <DVAL_RANK ID="8033" RANK="6"/>

  <DVAL_RANK ID="8038" RANK="1"/>

  <DVAL_RANK ID="8034" RANK="5"/>

  <DVAL_RANK ID="8036" RANK="3"/>

  <DVAL_RANK ID="8037" RANK="2"/>

  <DVAL_RANK ID="8032" RANK="7"/>

  <DVAL_RANK ID="8041" RANK="2"/>

  <DVAL_RANK ID="8047" RANK="7"/>

  <DVAL_RANK ID="8046" RANK="6"/>

  <DVAL_RANK ID="8044" RANK="5"/>

  <DVAL_RANK ID="8045" RANK="4"/>

  <DVAL_RANK ID="8043" RANK="3"/>

  <DVAL_RANK ID="8042" RANK="1"/>

</DVAL_RANKS>
