<?xml version="1.0" encoding="UTF-8" standalone="no" ?>
<!DOCTYPE RECSEARCH_CONFIG SYSTEM "recsearch_config.dtd">
<RECSEARCH_CONFIG>

  <SEARCH_INTERFACE CROSS_FIELD_BOUNDARY="NEVER" CROSS_FIELD_RELEVANCE_RANK="0" DEFAULT_RELRANK_STRATEGY="All" NAME="All">
    <MEMBER_NAME RELEVANCE_RANK="4">P_WineType</MEMBER_NAME>
    <MEMBER_NAME RELEVANCE_RANK="3">P_Name</MEMBER_NAME>
    <MEMBER_NAME RELEVANCE_RANK="2">P_Winery</MEMBER_NAME>
    <MEMBER_NAME RELEVANCE_RANK="1">P_Description</MEMBER_NAME>
  </SEARCH_INTERFACE>

</RECSEARCH_CONFIG>
