<?xml version="1.0" encoding="UTF-8" standalone="no" ?>
<!DOCTYPE THESAURUS SYSTEM "thesaurus.dtd">
<THESAURUS>

  <THESAURUS_ENTRY>
    <THESAURUS_FORM>italy</THESAURUS_FORM>
    <THESAURUS_FORM>italian</THESAURUS_FORM>
  </THESAURUS_ENTRY>

  <THESAURUS_ENTRY>
    <THESAURUS_FORM>france</THESAURUS_FORM>
    <THESAURUS_FORM>french</THESAURUS_FORM>
  </THESAURUS_ENTRY>

  <THESAURUS_ENTRY>
    <THESAURUS_FORM>zin</THESAURUS_FORM>
    <THESAURUS_FORM>zinfandel</THESAURUS_FORM>
  </THESAURUS_ENTRY>

  <THESAURUS_ENTRY>
    <THESAURUS_FORM>cab</THESAURUS_FORM>
    <THESAURUS_FORM>cabernet</THESAURUS_FORM>
  </THESAURUS_ENTRY>

</THESAURUS>
