<?xml version="1.0" encoding="UTF-8" standalone="no" ?>
<!DOCTYPE REFINEMENTS_CONFIG SYSTEM "refinement_config.dtd">
<REFINEMENTS_CONFIG>

  <REFINEMENTS NAME="Region" SORT_TYPE="ALPHA">
    <DYNAMIC_RANKING COUNT="20" MORE="TRUE" TOP_REFINEMENTS_SORT="DEFAULT" TYPE="FREQUENCY"/>
  </REFINEMENTS>

  <REFINEMENTS NAME="Winery" SORT_TYPE="ALPHA">
    <DYNAMIC_RANKING COUNT="20" MORE="TRUE" TOP_REFINEMENTS_SORT="DEFAULT" TYPE="FREQUENCY"/>
  </REFINEMENTS>

  <REFINEMENTS NAME="Vintage" SORT_TYPE="ALPHA">
    <STATS NUM_RECORDS="FALSE"/>
  </REFINEMENTS>

  <REFINEMENTS NAME="Price Range" SORT_TYPE="ALPHA"/>

  <REFINEMENTS NAME="Review Score" SORT_TYPE="ALPHA"/>

  <REFINEMENTS NAME="Designation" SORT_TYPE="ALPHA"/>

  <REFINEMENTS NAME="Body" SORT_TYPE="ALPHA">
    <DYNAMIC_RANKING COUNT="10" MORE="FALSE" TOP_REFINEMENTS_SORT="DEFAULT" TYPE="FREQUENCY"/>
  </REFINEMENTS>

  <REFINEMENTS NAME="Flavors" SORT_TYPE="ALPHA">
    <DYNAMIC_RANKING COUNT="10" MORE="FALSE" TOP_REFINEMENTS_SORT="DEFAULT" TYPE="FREQUENCY"/>
  </REFINEMENTS>

  <REFINEMENTS NAME="Drinkability" SORT_TYPE="ALPHA">
    <DYNAMIC_RANKING COUNT="5" MORE="FALSE" TOP_REFINEMENTS_SORT="DEFAULT" TYPE="FREQUENCY"/>
  </REFINEMENTS>

  <REFINEMENTS NAME="Endeca" SORT_TYPE="ALPHA">
    <STATS NUM_RECORDS="FALSE"/>
  </REFINEMENTS>

  <REFINEMENTS NAME="Wine Type" SORT_TYPE="ALPHA">
    <STATS NUM_RECORDS="FALSE"/>
  </REFINEMENTS>

</REFINEMENTS_CONFIG>
