<?xml version="1.0" encoding="UTF-8" standalone="no" ?>
<!DOCTYPE DVAL_REFS SYSTEM "dval_refs.dtd">
<DVAL_REFS>

  <DVAL_REF COLLAPSIBLE="FALSE" ID="5" INERT="FALSE"/>

  <DVAL_REF COLLAPSIBLE="FALSE" ID="7" INERT="FALSE"/>

  <DVAL_REF COLLAPSIBLE="FALSE" ID="3" INERT="FALSE"/>

  <DVAL_REF COLLAPSIBLE="FALSE" ID="12" INERT="FALSE"/>

  <DVAL_REF COLLAPSIBLE="FALSE" ID="10" INERT="FALSE"/>

  <DVAL_REF COLLAPSIBLE="FALSE" ID="8" INERT="FALSE"/>

  <DVAL_REF COLLAPSIBLE="FALSE" ID="9" INERT="FALSE"/>

  <DVAL_REF COLLAPSIBLE="FALSE" ID="2" INERT="FALSE"/>

  <DVAL_REF COLLAPSIBLE="FALSE" ID="6200" INERT="FALSE"/>

  <DVAL_REF COLLAPSIBLE="FALSE" ID="11" INERT="FALSE"/>

  <DVAL_REF COLLAPSIBLE="FALSE" ID="8031" INERT="FALSE"/>

  <DVAL_REF COLLAPSIBLE="FALSE" ID="8029" INERT="FALSE"/>

  <DVAL_REF COLLAPSIBLE="FALSE" ID="21" INERT="FALSE"/>

  <DVAL_REF COLLAPSIBLE="FALSE" ID="22" INERT="FALSE"/>

  <DVAL_REF COLLAPSIBLE="FALSE" ID="23" INERT="FALSE"/>

  <DVAL_REF COLLAPSIBLE="FALSE" ID="24" INERT="FALSE"/>

  <DVAL_REF COLLAPSIBLE="FALSE" ID="25" INERT="FALSE"/>

  <DVAL_REF COLLAPSIBLE="FALSE" ID="26" INERT="FALSE"/>

  <DVAL_REF COLLAPSIBLE="FALSE" ID="27" INERT="FALSE"/>

  <DVAL_REF COLLAPSIBLE="FALSE" ID="28" INERT="FALSE"/>

  <DVAL_REF COLLAPSIBLE="FALSE" ID="29" INERT="FALSE"/>

  <DVAL_REF COLLAPSIBLE="FALSE" ID="30" INERT="FALSE"/>

  <DVAL_REF COLLAPSIBLE="FALSE" ID="8021" INERT="FALSE"/>

  <DVAL_REF COLLAPSIBLE="FALSE" ID="8023" INERT="FALSE"/>

  <DVAL_REF COLLAPSIBLE="FALSE" ID="8022" INERT="FALSE"/>

  <DVAL_REF COLLAPSIBLE="FALSE" ID="8026" INERT="FALSE"/>

  <DVAL_REF COLLAPSIBLE="FALSE" ID="8025" INERT="FALSE"/>

  <DVAL_REF COLLAPSIBLE="FALSE" ID="8024" INERT="FALSE"/>

  <DVAL_REF COLLAPSIBLE="FALSE" ID="8027" INERT="FALSE"/>

  <DVAL_REF COLLAPSIBLE="FALSE" ID="8028" INERT="FALSE"/>

  <DVAL_REF COLLAPSIBLE="FALSE" ID="6204" INERT="FALSE"/>

  <DVAL_REF COLLAPSIBLE="FALSE" ID="6202" INERT="FALSE"/>

  <DVAL_REF COLLAPSIBLE="FALSE" ID="8011" INERT="FALSE"/>

  <DVAL_REF COLLAPSIBLE="FALSE" ID="8005" INERT="FALSE"/>

  <DVAL_REF COLLAPSIBLE="FALSE" ID="8010" INERT="FALSE"/>

  <DVAL_REF COLLAPSIBLE="FALSE" ID="8009" INERT="FALSE"/>

  <DVAL_REF COLLAPSIBLE="FALSE" ID="8012" INERT="FALSE"/>

  <DVAL_REF COLLAPSIBLE="FALSE" ID="8008" INERT="FALSE"/>

  <DVAL_REF COLLAPSIBLE="FALSE" ID="8004" INERT="FALSE"/>

  <DVAL_REF COLLAPSIBLE="FALSE" ID="8007" INERT="FALSE"/>

  <DVAL_REF COLLAPSIBLE="FALSE" ID="8006" INERT="FALSE"/>

  <DVAL_REF COLLAPSIBLE="FALSE" ID="8013" INERT="FALSE"/>

  <DVAL_REF COLLAPSIBLE="FALSE" ID="8017" INERT="FALSE"/>

  <DVAL_REF COLLAPSIBLE="FALSE" ID="8015" INERT="FALSE"/>

  <DVAL_REF COLLAPSIBLE="FALSE" ID="8018" INERT="FALSE"/>

  <DVAL_REF COLLAPSIBLE="FALSE" ID="8014" INERT="FALSE"/>

  <DVAL_REF COLLAPSIBLE="FALSE" ID="8020" INERT="FALSE"/>

  <DVAL_REF COLLAPSIBLE="FALSE" ID="8019" INERT="FALSE"/>

  <DVAL_REF COLLAPSIBLE="FALSE" ID="8035" INERT="FALSE"/>

  <DVAL_REF COLLAPSIBLE="FALSE" ID="8039" INERT="FALSE"/>

  <DVAL_REF COLLAPSIBLE="FALSE" ID="8033" INERT="FALSE"/>

  <DVAL_REF COLLAPSIBLE="FALSE" ID="8038" INERT="FALSE"/>

  <DVAL_REF COLLAPSIBLE="FALSE" ID="8034" INERT="FALSE"/>

  <DVAL_REF COLLAPSIBLE="FALSE" ID="8036" INERT="FALSE"/>

  <DVAL_REF COLLAPSIBLE="FALSE" ID="8037" INERT="FALSE"/>

  <DVAL_REF COLLAPSIBLE="FALSE" ID="8032" INERT="FALSE"/>

  <DVAL_REF COLLAPSIBLE="FALSE" ID="8041" INERT="FALSE"/>

  <DVAL_REF COLLAPSIBLE="FALSE" ID="8047" INERT="FALSE"/>

  <DVAL_REF COLLAPSIBLE="FALSE" ID="8046" INERT="FALSE"/>

  <DVAL_REF COLLAPSIBLE="FALSE" ID="8044" INERT="FALSE"/>

  <DVAL_REF COLLAPSIBLE="FALSE" ID="8045" INERT="FALSE"/>

  <DVAL_REF COLLAPSIBLE="FALSE" ID="8043" INERT="FALSE"/>

  <DVAL_REF COLLAPSIBLE="FALSE" ID="8042" INERT="FALSE"/>

</DVAL_REFS>
