<?xml version="1.0" encoding="UTF-8" standalone="no" ?>
<!DOCTYPE RENDER_CONFIG SYSTEM "render_config.dtd">
<RENDER_CONFIG>

  <RENDER NAME="P_Body" RENDER_PROD_LIST="FALSE" RENDER_PROD_PAGE="TRUE"/>

  <RENDER NAME="P_DateReviewed" RENDER_PROD_LIST="TRUE" RENDER_PROD_PAGE="TRUE"/>

  <RENDER NAME="P_Description" RENDER_PROD_LIST="TRUE" RENDER_PROD_PAGE="TRUE"/>

  <RENDER NAME="P_Designation" RENDER_PROD_LIST="FALSE" RENDER_PROD_PAGE="TRUE"/>

  <RENDER NAME="P_Drinkability" RENDER_PROD_LIST="FALSE" RENDER_PROD_PAGE="TRUE"/>

  <RENDER NAME="P_Flavor" RENDER_PROD_LIST="FALSE" RENDER_PROD_PAGE="TRUE"/>

  <RENDER NAME="P_Name" RENDER_PROD_LIST="TRUE" RENDER_PROD_PAGE="TRUE"/>

  <RENDER NAME="P_Price" RENDER_PROD_LIST="TRUE" RENDER_PROD_PAGE="TRUE"/>

  <RENDER NAME="P_Region" RENDER_PROD_LIST="TRUE" RENDER_PROD_PAGE="TRUE"/>

  <RENDER NAME="P_Score" RENDER_PROD_LIST="TRUE" RENDER_PROD_PAGE="TRUE"/>

  <RENDER NAME="P_WineID" RENDER_PROD_LIST="TRUE" RENDER_PROD_PAGE="TRUE"/>

  <RENDER NAME="P_Winery" RENDER_PROD_LIST="TRUE" RENDER_PROD_PAGE="TRUE"/>

  <RENDER NAME="P_WineType" RENDER_PROD_LIST="TRUE" RENDER_PROD_PAGE="TRUE"/>

  <RENDER NAME="P_Year" RENDER_PROD_LIST="TRUE" RENDER_PROD_PAGE="TRUE"/>

  <RENDER NAME="Region" RENDER_PROD_LIST="FALSE" RENDER_PROD_PAGE="TRUE"/>

  <RENDER NAME="Winery" RENDER_PROD_LIST="FALSE" RENDER_PROD_PAGE="TRUE"/>

  <RENDER NAME="Vintage" RENDER_PROD_LIST="FALSE" RENDER_PROD_PAGE="TRUE"/>

  <RENDER NAME="Price Range" RENDER_PROD_LIST="FALSE" RENDER_PROD_PAGE="TRUE"/>

  <RENDER NAME="Review Score" RENDER_PROD_LIST="TRUE" RENDER_PROD_PAGE="TRUE"/>

  <RENDER NAME="Designation" RENDER_PROD_LIST="FALSE" RENDER_PROD_PAGE="TRUE"/>

  <RENDER NAME="Body" RENDER_PROD_LIST="FALSE" RENDER_PROD_PAGE="TRUE"/>

  <RENDER NAME="Flavors" RENDER_PROD_LIST="FALSE" RENDER_PROD_PAGE="TRUE"/>

  <RENDER NAME="Drinkability" RENDER_PROD_LIST="FALSE" RENDER_PROD_PAGE="TRUE"/>

  <RENDER NAME="Endeca" RENDER_PROD_LIST="FALSE" RENDER_PROD_PAGE="FALSE"/>

  <RENDER NAME="Wine Type" RENDER_PROD_LIST="FALSE" RENDER_PROD_PAGE="TRUE"/>

</RENDER_CONFIG>
