<?xml version="1.0" encoding="UTF-8" standalone="no" ?>
<!DOCTYPE DIMENSIONS SYSTEM "dimensions.dtd">
<DIMENSIONS VERSION="1.0.0">

  <DIMENSION NAME="Region" SRC_TYPE="AUTOGEN">
    <DIMENSION_ID ID="8"/>
    <DIMENSION_NODE>
      <DVAL TYPE="EXACT">
        <DVAL_ID ID="8"/>
        <SYN CLASSIFY="FALSE" DISPLAY="TRUE" SEARCH="FALSE">Region</SYN>
      </DVAL>
    </DIMENSION_NODE>
  </DIMENSION>

  <DIMENSION NAME="Winery" SRC_TYPE="AUTOGEN">
    <DIMENSION_ID ID="11"/>
    <DIMENSION_NODE>
      <DVAL TYPE="EXACT">
        <DVAL_ID ID="11"/>
        <SYN CLASSIFY="FALSE" DISPLAY="TRUE" SEARCH="FALSE">Winery</SYN>
      </DVAL>
    </DIMENSION_NODE>
  </DIMENSION>

  <DIMENSION NAME="Vintage" SRC_TYPE="AUTOGEN">
    <DIMENSION_ID ID="2"/>
    <DIMENSION_NODE>
      <DVAL TYPE="EXACT">
        <DVAL_ID ID="2"/>
        <SYN CLASSIFY="FALSE" DISPLAY="TRUE" SEARCH="FALSE">Vintage</SYN>
      </DVAL>
    </DIMENSION_NODE>
  </DIMENSION>

  <DIMENSION NAME="Price Range" SRC_TYPE="INTERNAL">
    <DIMENSION_ID ID="10"/>
    <DIMENSION_NODE>
      <DVAL TYPE="EXACT">
        <DVAL_ID ID="10"/>
        <SYN CLASSIFY="FALSE" DISPLAY="TRUE" SEARCH="FALSE">Price Range</SYN>
      </DVAL>
      <DIMENSION_NODE>
        <DVAL TYPE="RANGE">
          <DVAL_ID ID="8032"/>
          <SYN CLASSIFY="FALSE" DISPLAY="TRUE" SEARCH="FALSE">Under $10</SYN>
          <LBOUND>
            <BOUND CLOSURE="OPEN" TYPE="FLOAT" VALUE="0"/>
          </LBOUND>
          <UBOUND>
            <BOUND CLOSURE="OPEN" TYPE="FLOAT" VALUE="10"/>
          </UBOUND>
        </DVAL>
      </DIMENSION_NODE>
      <DIMENSION_NODE>
        <DVAL TYPE="RANGE">
          <DVAL_ID ID="8033"/>
          <SYN CLASSIFY="FALSE" DISPLAY="TRUE" SEARCH="FALSE">$10 to $20</SYN>
          <LBOUND>
            <BOUND CLOSURE="CLOSED" TYPE="FLOAT" VALUE="10"/>
          </LBOUND>
          <UBOUND>
            <BOUND CLOSURE="OPEN" TYPE="FLOAT" VALUE="20"/>
          </UBOUND>
        </DVAL>
      </DIMENSION_NODE>
      <DIMENSION_NODE>
        <DVAL TYPE="RANGE">
          <DVAL_ID ID="8034"/>
          <SYN CLASSIFY="FALSE" DISPLAY="TRUE" SEARCH="FALSE">$20 to $30</SYN>
          <LBOUND>
            <BOUND CLOSURE="CLOSED" TYPE="FLOAT" VALUE="20"/>
          </LBOUND>
          <UBOUND>
            <BOUND CLOSURE="OPEN" TYPE="FLOAT" VALUE="30"/>
          </UBOUND>
        </DVAL>
      </DIMENSION_NODE>
      <DIMENSION_NODE>
        <DVAL TYPE="RANGE">
          <DVAL_ID ID="8035"/>
          <SYN CLASSIFY="FALSE" DISPLAY="TRUE" SEARCH="FALSE">$30 to $40</SYN>
          <LBOUND>
            <BOUND CLOSURE="CLOSED" TYPE="FLOAT" VALUE="30"/>
          </LBOUND>
          <UBOUND>
            <BOUND CLOSURE="OPEN" TYPE="FLOAT" VALUE="40"/>
          </UBOUND>
        </DVAL>
      </DIMENSION_NODE>
      <DIMENSION_NODE>
        <DVAL TYPE="RANGE">
          <DVAL_ID ID="8036"/>
          <SYN CLASSIFY="FALSE" DISPLAY="TRUE" SEARCH="FALSE">$40 to $50</SYN>
          <LBOUND>
            <BOUND CLOSURE="CLOSED" TYPE="FLOAT" VALUE="40"/>
          </LBOUND>
          <UBOUND>
            <BOUND CLOSURE="OPEN" TYPE="FLOAT" VALUE="50"/>
          </UBOUND>
        </DVAL>
      </DIMENSION_NODE>
      <DIMENSION_NODE>
        <DVAL TYPE="RANGE">
          <DVAL_ID ID="8037"/>
          <SYN CLASSIFY="FALSE" DISPLAY="TRUE" SEARCH="FALSE">$50 to $100</SYN>
          <LBOUND>
            <BOUND CLOSURE="CLOSED" TYPE="FLOAT" VALUE="50"/>
          </LBOUND>
          <UBOUND>
            <BOUND CLOSURE="OPEN" TYPE="FLOAT" VALUE="100"/>
          </UBOUND>
        </DVAL>
      </DIMENSION_NODE>
      <DIMENSION_NODE>
        <DVAL TYPE="RANGE">
          <DVAL_ID ID="8038"/>
          <SYN CLASSIFY="FALSE" DISPLAY="TRUE" SEARCH="FALSE">$100 and Over</SYN>
          <LBOUND>
            <BOUND CLOSURE="CLOSED" TYPE="FLOAT" VALUE="100"/>
          </LBOUND>
          <UBOUND>
            <BOUND CLOSURE="OPEN" TYPE="FLOAT" VALUE="POS_INF"/>
          </UBOUND>
        </DVAL>
      </DIMENSION_NODE>
    </DIMENSION_NODE>
  </DIMENSION>

  <DIMENSION NAME="Review Score" SRC_TYPE="INTERNAL">
    <DIMENSION_ID ID="9"/>
    <DIMENSION_NODE>
      <DVAL TYPE="EXACT">
        <DVAL_ID ID="9"/>
        <SYN CLASSIFY="FALSE" DISPLAY="TRUE" SEARCH="FALSE">Review Score</SYN>
      </DVAL>
      <DIMENSION_NODE>
        <DVAL TYPE="RANGE">
          <DVAL_ID ID="21"/>
          <SYN CLASSIFY="FALSE" DISPLAY="TRUE" SEARCH="FALSE">0 to 10</SYN>
          <LBOUND>
            <BOUND CLOSURE="CLOSED" TYPE="INTEGER" VALUE="0"/>
          </LBOUND>
          <UBOUND>
            <BOUND CLOSURE="CLOSED" TYPE="INTEGER" VALUE="10"/>
          </UBOUND>
        </DVAL>
      </DIMENSION_NODE>
      <DIMENSION_NODE>
        <DVAL TYPE="RANGE">
          <DVAL_ID ID="22"/>
          <SYN CLASSIFY="FALSE" DISPLAY="TRUE" SEARCH="FALSE">10 to 20</SYN>
          <LBOUND>
            <BOUND CLOSURE="CLOSED" TYPE="INTEGER" VALUE="11"/>
          </LBOUND>
          <UBOUND>
            <BOUND CLOSURE="CLOSED" TYPE="INTEGER" VALUE="20"/>
          </UBOUND>
        </DVAL>
      </DIMENSION_NODE>
      <DIMENSION_NODE>
        <DVAL TYPE="RANGE">
          <DVAL_ID ID="23"/>
          <SYN CLASSIFY="FALSE" DISPLAY="TRUE" SEARCH="FALSE">20 to 30</SYN>
          <LBOUND>
            <BOUND CLOSURE="CLOSED" TYPE="INTEGER" VALUE="21"/>
          </LBOUND>
          <UBOUND>
            <BOUND CLOSURE="CLOSED" TYPE="INTEGER" VALUE="30"/>
          </UBOUND>
        </DVAL>
      </DIMENSION_NODE>
      <DIMENSION_NODE>
        <DVAL TYPE="RANGE">
          <DVAL_ID ID="24"/>
          <SYN CLASSIFY="FALSE" DISPLAY="TRUE" SEARCH="FALSE">30 to 40</SYN>
          <LBOUND>
            <BOUND CLOSURE="CLOSED" TYPE="INTEGER" VALUE="31"/>
          </LBOUND>
          <UBOUND>
            <BOUND CLOSURE="CLOSED" TYPE="INTEGER" VALUE="40"/>
          </UBOUND>
        </DVAL>
      </DIMENSION_NODE>
      <DIMENSION_NODE>
        <DVAL TYPE="RANGE">
          <DVAL_ID ID="25"/>
          <SYN CLASSIFY="FALSE" DISPLAY="TRUE" SEARCH="FALSE">40 to 50</SYN>
          <LBOUND>
            <BOUND CLOSURE="CLOSED" TYPE="INTEGER" VALUE="41"/>
          </LBOUND>
          <UBOUND>
            <BOUND CLOSURE="CLOSED" TYPE="INTEGER" VALUE="50"/>
          </UBOUND>
        </DVAL>
      </DIMENSION_NODE>
      <DIMENSION_NODE>
        <DVAL TYPE="RANGE">
          <DVAL_ID ID="26"/>
          <SYN CLASSIFY="FALSE" DISPLAY="TRUE" SEARCH="FALSE">50 to 60</SYN>
          <LBOUND>
            <BOUND CLOSURE="CLOSED" TYPE="INTEGER" VALUE="51"/>
          </LBOUND>
          <UBOUND>
            <BOUND CLOSURE="CLOSED" TYPE="INTEGER" VALUE="60"/>
          </UBOUND>
        </DVAL>
      </DIMENSION_NODE>
      <DIMENSION_NODE>
        <DVAL TYPE="RANGE">
          <DVAL_ID ID="27"/>
          <SYN CLASSIFY="FALSE" DISPLAY="TRUE" SEARCH="FALSE">60 to 70</SYN>
          <LBOUND>
            <BOUND CLOSURE="CLOSED" TYPE="INTEGER" VALUE="61"/>
          </LBOUND>
          <UBOUND>
            <BOUND CLOSURE="CLOSED" TYPE="INTEGER" VALUE="70"/>
          </UBOUND>
        </DVAL>
      </DIMENSION_NODE>
      <DIMENSION_NODE>
        <DVAL TYPE="RANGE">
          <DVAL_ID ID="28"/>
          <SYN CLASSIFY="FALSE" DISPLAY="TRUE" SEARCH="FALSE">70 to 80</SYN>
          <LBOUND>
            <BOUND CLOSURE="CLOSED" TYPE="INTEGER" VALUE="71"/>
          </LBOUND>
          <UBOUND>
            <BOUND CLOSURE="CLOSED" TYPE="INTEGER" VALUE="80"/>
          </UBOUND>
        </DVAL>
      </DIMENSION_NODE>
      <DIMENSION_NODE>
        <DVAL TYPE="RANGE">
          <DVAL_ID ID="29"/>
          <SYN CLASSIFY="FALSE" DISPLAY="TRUE" SEARCH="FALSE">80 to 90</SYN>
          <LBOUND>
            <BOUND CLOSURE="CLOSED" TYPE="INTEGER" VALUE="81"/>
          </LBOUND>
          <UBOUND>
            <BOUND CLOSURE="CLOSED" TYPE="INTEGER" VALUE="90"/>
          </UBOUND>
        </DVAL>
      </DIMENSION_NODE>
      <DIMENSION_NODE>
        <DVAL TYPE="RANGE">
          <DVAL_ID ID="30"/>
          <SYN CLASSIFY="FALSE" DISPLAY="TRUE" SEARCH="FALSE">90 to 100</SYN>
          <LBOUND>
            <BOUND CLOSURE="CLOSED" TYPE="INTEGER" VALUE="91"/>
          </LBOUND>
          <UBOUND>
            <BOUND CLOSURE="CLOSED" TYPE="INTEGER" VALUE="100"/>
          </UBOUND>
        </DVAL>
      </DIMENSION_NODE>
    </DIMENSION_NODE>
  </DIMENSION>

  <DIMENSION NAME="Designation" SRC_TYPE="INTERNAL">
    <DIMENSION_ID ID="7"/>
    <DIMENSION_NODE>
      <DVAL TYPE="EXACT">
        <DVAL_ID ID="7"/>
        <SYN CLASSIFY="FALSE" DISPLAY="TRUE" SEARCH="FALSE">Designation</SYN>
      </DVAL>
      <DIMENSION_NODE>
        <DVAL TYPE="EXACT">
          <DVAL_ID ID="8031"/>
          <SYN CLASSIFY="TRUE" DISPLAY="TRUE" SEARCH="TRUE">Best Buy</SYN>
        </DVAL>
      </DIMENSION_NODE>
      <DIMENSION_NODE>
        <DVAL TYPE="EXACT">
          <DVAL_ID ID="8029"/>
          <SYN CLASSIFY="TRUE" DISPLAY="TRUE" SEARCH="TRUE">Highly Recommended</SYN>
        </DVAL>
      </DIMENSION_NODE>
      <DIMENSION_NODE>
        <DVAL TYPE="EXACT">
          <DVAL_ID ID="8047"/>
          <SYN CLASSIFY="TRUE" DISPLAY="FALSE" SEARCH="TRUE">Cellar Select</SYN>
          <SYN CLASSIFY="TRUE" DISPLAY="TRUE" SEARCH="TRUE">Cellar Selection</SYN>
        </DVAL>
      </DIMENSION_NODE>
      <DIMENSION_NODE>
        <DVAL TYPE="EXACT">
          <DVAL_ID ID="8046"/>
          <SYN CLASSIFY="TRUE" DISPLAY="TRUE" SEARCH="TRUE">Classico</SYN>
        </DVAL>
      </DIMENSION_NODE>
      <DIMENSION_NODE>
        <DVAL TYPE="EXACT">
          <DVAL_ID ID="8044"/>
          <SYN CLASSIFY="TRUE" DISPLAY="TRUE" SEARCH="TRUE">Grand Cru</SYN>
        </DVAL>
      </DIMENSION_NODE>
      <DIMENSION_NODE>
        <DVAL TYPE="EXACT">
          <DVAL_ID ID="8045"/>
          <SYN CLASSIFY="TRUE" DISPLAY="TRUE" SEARCH="TRUE">Grand Reserve</SYN>
          <SYN CLASSIFY="TRUE" DISPLAY="FALSE" SEARCH="TRUE">Gran Reserva</SYN>
          <SYN CLASSIFY="TRUE" DISPLAY="FALSE" SEARCH="TRUE">Grande Reserve</SYN>
        </DVAL>
      </DIMENSION_NODE>
      <DIMENSION_NODE>
        <DVAL TYPE="EXACT">
          <DVAL_ID ID="8043"/>
          <SYN CLASSIFY="TRUE" DISPLAY="TRUE" SEARCH="TRUE">Limited Release</SYN>
        </DVAL>
      </DIMENSION_NODE>
      <DIMENSION_NODE>
        <DVAL TYPE="EXACT">
          <DVAL_ID ID="8041"/>
          <SYN CLASSIFY="TRUE" DISPLAY="TRUE" SEARCH="TRUE">Special Reserve</SYN>
        </DVAL>
      </DIMENSION_NODE>
      <DIMENSION_NODE>
        <DVAL TYPE="EXACT">
          <DVAL_ID ID="8042"/>
          <SYN CLASSIFY="TRUE" DISPLAY="TRUE" SEARCH="TRUE">Spectator Selection</SYN>
        </DVAL>
      </DIMENSION_NODE>
    </DIMENSION_NODE>
  </DIMENSION>

  <DIMENSION NAME="Body" SRC_TYPE="AUTOGEN">
    <DIMENSION_ID ID="5"/>
    <DIMENSION_NODE>
      <DVAL TYPE="EXACT">
        <DVAL_ID ID="5"/>
        <SYN CLASSIFY="FALSE" DISPLAY="TRUE" SEARCH="FALSE">Body</SYN>
      </DVAL>
    </DIMENSION_NODE>
  </DIMENSION>

  <DIMENSION NAME="Flavors" SRC_TYPE="AUTOGEN">
    <DIMENSION_ID ID="12"/>
    <DIMENSION_NODE>
      <DVAL TYPE="EXACT">
        <DVAL_ID ID="12"/>
        <SYN CLASSIFY="FALSE" DISPLAY="TRUE" SEARCH="FALSE">Flavors</SYN>
      </DVAL>
    </DIMENSION_NODE>
  </DIMENSION>

  <DIMENSION NAME="Drinkability" SRC_TYPE="AUTOGEN">
    <DIMENSION_ID ID="3"/>
    <DIMENSION_NODE>
      <DVAL TYPE="EXACT">
        <DVAL_ID ID="3"/>
        <SYN CLASSIFY="FALSE" DISPLAY="TRUE" SEARCH="FALSE">Drinkability</SYN>
      </DVAL>
    </DIMENSION_NODE>
  </DIMENSION>

  <DIMENSION NAME="Endeca" SRC_TYPE="INTERNAL">
    <DIMENSION_ID ID="8048"/>
    <DIMENSION_NODE>
      <DVAL TYPE="EXACT">
        <DVAL_ID ID="8048"/>
        <SYN CLASSIFY="FALSE" DISPLAY="TRUE" SEARCH="FALSE">Endeca</SYN>
      </DVAL>
      <DIMENSION_NODE>
        <DVAL TYPE="EXACT">
          <DVAL_ID ID="8049"/>
          <SYN CLASSIFY="TRUE" DISPLAY="TRUE" SEARCH="TRUE">Primary</SYN>
        </DVAL>
      </DIMENSION_NODE>
    </DIMENSION_NODE>
  </DIMENSION>

</DIMENSIONS>
