<?xml version="1.0" encoding="UTF-8" standalone="no" ?>
<!DOCTYPE DIMENSIONS SYSTEM "dimensions.dtd">
<DIMENSIONS VERSION="1.0.0">

  <DIMENSION NAME="Region" SRC_TYPE="AUTOGEN">
    <DIMENSION_ID ID="8"/>
    <DIMENSION_NODE>
      <DVAL TYPE="EXACT">
        <DVAL_ID ID="8"/>
        <SYN CLASSIFY="FALSE" DISPLAY="TRUE" SEARCH="FALSE">Region</SYN>
      </DVAL>
    </DIMENSION_NODE>
  </DIMENSION>

  <DIMENSION NAME="Winery" SRC_TYPE="AUTOGEN">
    <DIMENSION_ID ID="11"/>
    <DIMENSION_NODE>
      <DVAL TYPE="EXACT">
        <DVAL_ID ID="11"/>
        <SYN CLASSIFY="FALSE" DISPLAY="TRUE" SEARCH="FALSE">Winery</SYN>
      </DVAL>
    </DIMENSION_NODE>
  </DIMENSION>

  <DIMENSION NAME="Vintage" SRC_TYPE="AUTOGEN">
    <DIMENSION_ID ID="2"/>
    <DIMENSION_NODE>
      <DVAL TYPE="EXACT">
        <DVAL_ID ID="2"/>
        <SYN CLASSIFY="FALSE" DISPLAY="TRUE" SEARCH="FALSE">Vintage</SYN>
      </DVAL>
    </DIMENSION_NODE>
  </DIMENSION>

  <DIMENSION NAME="Body" SRC_TYPE="AUTOGEN">
    <DIMENSION_ID ID="5"/>
    <DIMENSION_NODE>
      <DVAL TYPE="EXACT">
        <DVAL_ID ID="5"/>
        <SYN CLASSIFY="FALSE" DISPLAY="TRUE" SEARCH="FALSE">Body</SYN>
      </DVAL>
    </DIMENSION_NODE>
  </DIMENSION>

  <DIMENSION NAME="Flavors" SRC_TYPE="AUTOGEN">
    <DIMENSION_ID ID="12"/>
    <DIMENSION_NODE>
      <DVAL TYPE="EXACT">
        <DVAL_ID ID="12"/>
        <SYN CLASSIFY="FALSE" DISPLAY="TRUE" SEARCH="FALSE">Flavors</SYN>
      </DVAL>
    </DIMENSION_NODE>
  </DIMENSION>

  <DIMENSION NAME="Drinkability" SRC_TYPE="AUTOGEN">
    <DIMENSION_ID ID="3"/>
    <DIMENSION_NODE>
      <DVAL TYPE="EXACT">
        <DVAL_ID ID="3"/>
        <SYN CLASSIFY="FALSE" DISPLAY="TRUE" SEARCH="FALSE">Drinkability</SYN>
      </DVAL>
    </DIMENSION_NODE>
  </DIMENSION>

</DIMENSIONS>
