<!--
******************************************************************** 
SAMPLE ENDECA REPORTING CONFIGURATION FILE

This file contains a list of all out-of-the-box reports currently 
supported by the Endeca Reporting Toolkit, by group.

- These reports require all log entries to conform to the format 
  generated by the "logging_functions" application module in the 
  Endeca Reference UI.  Any changes in this log format may cause these
  specific reports to return "0" values.

- Some reports require specific URL parameters ("action codes") to be added to 
  application to indicate specific actions.  Without these action codes,
  these reports will return "0" values.  Reports requiring such action
  codes are noted below.

- Reports are grouped to take advantage of the formatting provided by 
  the corresponding Sample_Report XSL style sheet.  Grouping is not
  required for reports to be successfully generated.

- Reports can be removed by using HTML comment syntax and each report 
  title can be over-ridden using the "title" property for the <report> 
  element.

Copyright (C) 2003 by Endeca Technologies - COMPANY CONFIDENTIAL
*********************************************************************
-->

<reports>
	
	<!-- 
	********************************************************		
	REQUEST AND SESSION SUMMARY
	- How much traffic (hits/users) is site receiving?
	- How long are users staying on site?
	- How are users getting around site?  Search, Navigation, Both?
	- How effective are user's attempts at searching and browsing?
	- How often are users clicking through to specific results?
	**********************************************************
	-->
	<group title="Request and Session Summary" id="req_and_sess">		
		<group>
			<report id="num_requests"/>			
			<report id="num_unique_sessions"/>
			<report id="avg_requests_per_session"/>			
		</group>			
		<group title="Number of Requests By Type" id="summary">			
			<report id="num_search_only_requests"/>
			<report id="num_nav_only_requests"/>
			<report id="num_search_then_nav_requests"/>
			<report id="num_root_requests"/>
			<report id="num_record_requests"/>
			<report id="num_other_requests"/>
		</group>				
		<report id="num_search_only_requests_by_num_results"/>		
		<report id="num_nav_only_requests_by_num_results"/>		
		<report id="num_search_then_nav_requests_by_num_results"/>			
		<group>
			<report id="num_nav_with_one_dimval"/>						
			<report id="num_nav_with_two_dimvals"/>
			<report id="num_nav_with_three_dimvals"/>
			<report id="num_nav_with_fourplus_dimvals"/>			
		</group>			
    </group>
	
	<group title="Conversion Rate Summary" id="conv_rate_summ">		
		<report id="conversion_rate" session_queue_size="5000"/>
		<report id="conversion_rate_by_type" session_queue_size="5000"/>
	</group>
    
	<!--
	********************************************************		
	POPULAR SEARCH SUMMARY	
	- Which search keys are used most often?
	- What are the most popular terms users are searching for?
	- How many results are users seeing for these specific search terms?
	**********************************************************
	-->
	<group title="Popular Search Summary" id="search">		
		<report id="top_search_keys"/>
		<report id="top_search_terms" top_n="20"/>	
		<report id="top_search_terms_w_results" top_n="20"/>
		<report id="conversion_rate_top_by_search_terms" top_n="20" session_queue_size="5000"/>
	</group>

	<!--
	********************************************************		
	POPULAR NAVIGATION SUMMARY	
	- Which dimensions and dimension values are most often selected by users?
	- Which combinations of dimensions and dimension values are most popular?	
	**********************************************************
	-->
	<group title="Popular Navigation Summary" id="nav">		
		<report id="top_dimensions" top_n="10"/>
		<report id="conversion_rate_by_top_dimensions" top_n="10" session_queue_size="5000"/>
		<report id="top_dvals" top_n="10"/>		
		<report id="top_dimension_pairs" top_n="5"/>
		<report id="top_dval_pairs" top_n="5"/>
		<report id="top_dimension_triples" top_n="5"/>					
		<report id="top_dval_triples" top_n="5"/>
	</group>


	<!--
	********************************************************		
	POPULAR RECORD SUMMARY
	- Which records are most often selected by users?	
	**********************************************************
	-->
	<group title="Popular Record Summary" id="recs">		
		<report id="top_records" top_n="20"/>		
	</group>


	<!-- 
	********************************************************		
	SPELL CORRECTION AND ALTERNATE SUGGESTIONS
	- How often do keyword searches return zero results?
	- Which most popular search terms returned zero results?
	- How often was spell correction engaged?
	- Which most popular search terms were auto-corrected?
	- How often was "did you mean?" engaged and utilized by the end user?
	- Which most popular search terms engaged "did you mean?"

	NOTE: Requires the "in_dym" url parameter to be added
	to any links where "did you mean" suggestions are selected. 
	(For "num_times_dym_selected" report only.)
	**********************************************************
	-->
	<group title="Spell Correction and Alternate Suggestions" id="noresults">		
		<group>
			<report id="num_searches_no_results"/>				
			<report id="num_autocorrected_requests"/>
			<report id="num_times_dym_engaged"/>
			<report id="num_times_dym_selected"/>
		</group>
		<report id="top_search_terms_no_results"/>				
		<report id="top_autocorrected_terms"/>		
		<report id="top_search_terms_dym_engaged"/>
	</group>


	<!-- 
	********************************************************		
	BUSINESS RULE SUMMARY
	- How often were business rules displayed?
	- How often were records selected through business rules?
	- Which business rules were engaged the most?
	- Which records were selected the most through business rules?
	- Which are the most popular dimension values WITHOUT business rules?
	- Which are the most popular search terms WITHOUT business rules?

	NOTE: Requires the "in_merch" url parameter to be added
	to any links where products are selected from business rule
	results. (For "top_records_selected_through_merch" and
	"num_records_selected_through_merch" reports only.)
	**********************************************************
	-->
	<group title="Business Rule Summary" id="merch">		
		<group>
		<report id="num_requests_merch_engaged"/>
		<report id="num_records_selected_through_merch"/>
		</group>		
		<report id="top_merch_rules"/>
		<report id="conversion_rate_by_top_merch_rules" session_queue_size="5000"/>
		<report id="top_records_selected_through_merch"/>
		<report id="top_dvals_no_merch"/>
		<report id="top_search_terms_no_merch"/>
	</group>


	<!-- 
	********************************************************		
	DIMENSION SEARCH SUMMARY	
	- Which dimension values are users searching for?
	- How often are dimension search results selected?

	NOTE: Requires the "in_dim_search" url parameter to be added
	to any links where dimension search results are selected
	**********************************************************
	-->
	<group title="Dimension Search Summary" id="dimsearch">
		<group>
			<report id="num_times_dimension_search_selected"/>
		</group>		
		<report id="top_dimension_search_results_selected" top_n="5"/>
	</group>


	<!-- 
	********************************************************		
	SORTING SUMMARY
	- How often are users specifying a sort key for their results?
	- Which sort keys are specified most frequently?
	
	NOTE: All requests with a sort key specified are counted,
	not just the initial sort request.
	**********************************************************
	-->
	<group title="Sorting Summary" id="sort">
		<group>
		<report id="num_sort_requests"/>
		</group>
		<report id="top_sort_keys" top_n="5"/>
	</group>

</reports>
