<?xml version="1.0" encoding="UTF-8" standalone="no" ?>

<!--    
BEGIN DOCUMENTATION


This settings file lets you:
- disable particular report items, or entire report sections
- specify the values of N for "Top N" report items
- specify the size of the session queue that's used for conversion rate
  report items. (A larger number results in more accurate conversion rate
  calculations, but uses more memory.)
  
Here is a sample configuration:

	<report_settings>
		<disable list="conv_rate_summ, top_search_terms_dym_engaged" />
		<top_n report_item="top_search_terms_no_results" n="5, 10, 25, 50" initial_value="25" />
		<top_n report_item="top_autocorrected_terms" n="10, 25, 50" initial_value="10" />
		<session_queue size="5000" />
	</report_settings>

Here is a list of IDs for report sections and the report items they contain, 
which you can use in <disable> and <top_n> elements. (This list is for reference
purposes only - changes to this list will have no effect.)

	req_and_sess
		request_and_session_summary
		num_requests_by_hour
		num_requests_by_date
		num_unique_sessions_by_hour
		num_unique_sessions_by_date
		requests_by_type
		num_search_only_requests_by_num_results
		num_nav_only_requests_by_num_results
		num_search_then_nav_requests_by_num_results
		dimension_values
	conv_rate_summ
		conversion_rate
		conversion_rate_by_hour
		conversion_rate_by_date
		conversion_rate_by_type
		conversion_rate_top_by_search_terms
		conversion_rate_by_top_dimensions
		conversion_rate_by_top_merch_rules
	abtest
		conversion_rate_by_top_abtest_rules
	search
		top_search_keys
		top_search_terms
		top_search_terms_w_results
	nav
		top_dimensions
		top_dvals
		top_dimension_pairs
		top_dval_pairs
		top_dimension_triples
		top_dval_triples
	recs
		top_records
	noresults 
		spell_correct_alt_sugg_summary
		top_search_terms_no_results
		top_autocorrected_terms
		top_search_terms_dym_engaged
	merch
		business_rules_summary
		top_merch_rules
		top_records_selected_through_merch
		top_dvals_no_merch
		top_search_terms_no_merch
	dimsearch 	
		dim_search_summary
		top_dimension_search_results_selected
	sort
		sorting_summary
		top_sort_keys


END DOCUMENTATION
-->


<report_settings>

</report_settings>
